colName,coefVal,meanCoefVal,cdf_hat,zeroCDF_hat,p-value_hat,meanCoefCDF_hat,LB_hat (<= 0.025),UB_hat (>= 0.975),normal?,failToReject
Line_Chart&retrieve_value,1.2626125663200325,1.2549968638478086,0.605,0.0,0.0,0.581,1.0771396455771258,1.510867803664002,False,False
Line_Chart,0.0021325023972298554,0.026572849120574348,0.273,0.256,0.512,0.385,-0.1650237327846234,0.1492478581047685,False,True
retrieve_value,-0.6339626164994758,-0.622546856167749,0.364,1.0,0.0,0.442,-0.7705589558726927,-0.5188625691526829,False,False
ChatGPT,-0.3411795926266273,-0.3722321507760436,0.719,1.0,0.0,0.452,-0.4905570419169092,-0.2820223439948762,False,False
Line_Chart&ChatGPT,0.09728959185869958,0.06981850926153307,0.437,0.195,0.39,0.321,-0.3061599247020786,0.2725608681224318,False,True
retrieve_value&ChatGPT,-1.4961680173619643,-1.4788171625315092,0.398,1.0,0.0,0.454,-1.796837550145339,-1.251190231732357,False,False
Line_Chart&retrieve_value&ChatGPT,1.9576748587733703,2.000998226660714,0.491,0.0,0.0,0.581,1.691292045849885,2.513040869471464,False,False
reVLAT_VizChoices&ChatGPT,0.23204929398942967,0.13251400899328286,0.5917498968647532,0.5,6.9e-322,0.5527109939951992,0.12802823391105472,0.1369997840755106,True,False
Line_Chart&reVLAT_VizChoices&ChatGPT,0.540368032473339,0.5719564654500506,0.251,0.068,0.136,0.313,-0.0979886223279564,0.93174493324547,False,True
retrieve_value&reVLAT_VizChoices&ChatGPT,-0.5783911172021186,-0.6478644033575244,0.522,1.0,0.0,0.29,-1.2911673894453377,-0.4051919038894742,False,False
Line_Chart&retrieve_value&reVLAT_VizChoices&ChatGPT,0.11069373382499992,0.2512852686126666,0.445,0.173,0.346,0.667,-0.1593494505748943,0.9640228273048272,False,True
reVLAT_NoVizChoices&ChatGPT,-0.573228886616078,-0.5047461597694244,0.214,1.0,0.0,0.466,-0.7088100241147622,-0.3438939170941156,False,False
Line_Chart&reVLAT_NoVizChoices&ChatGPT,-0.44307844061447055,-0.5021379561885307,0.69,0.993,0.014000000000000012,0.526,-0.9370172805989124,-0.0948017491481291,False,False
retrieve_value&reVLAT_NoVizChoices&ChatGPT,-0.9177769001604547,-0.8309527591740061,0.301,1.0,0.0,0.551,-1.1801330249624007,-0.4124277174589444,False,False
Line_Chart&retrieve_value&reVLAT_NoVizChoices&ChatGPT,1.846981124949373,1.749712958048038,0.644,0.0,0.0,0.497,1.2001651058066305,2.287645605554539,False,False
Gemini,-0.5185125574312738,-0.5183880905012619,0.458,1.0,0.0,0.459,-0.6312090402042279,-0.4273028349794044,False,False
Line_Chart&Gemini,-0.09515708946151125,-0.043245660140941444,0.343,0.714,0.5720000000000001,0.561,-0.2032901261217409,0.1854496131041513,False,True
retrieve_value&Gemini,0.8622054008629357,0.8562703063638369,0.563,0.0,0.0,0.535,0.6811846930405333,1.072163103434214,False,False
Line_Chart&retrieve_value&Gemini,-0.6950622924532451,-0.7460013628129171,0.618,1.0,0.0,0.472,-1.024390173926384,-0.5348838206643225,False,False
reVLAT_VizChoices&Gemini,-0.7057364946301516,-0.6375876773648835,0.2401768581695084,0.5,0.0,0.26187181222239075,-0.643381795491748,-0.6317935592380186,True,False
Line_Chart&reVLAT_VizChoices&Gemini,-0.1789864633773459,-0.21042974605613068,0.701,0.882,0.236,0.608,-0.4301419519643855,0.1665470767446623,False,True
retrieve_value&reVLAT_VizChoices&Gemini,0.36109904004835414,0.3990948037994674,0.459,0.0,0.0,0.603,0.1933017440046856,0.778285400882645,False,False
Line_Chart&retrieve_value&reVLAT_VizChoices&Gemini,0.15972059261300608,0.07837473771293942,0.622,0.289,0.578,0.441,-0.3538451225633148,0.4088992466308103,False,True
reVLAT_NoVizChoices&Gemini,0.1872239371986356,0.1191995868636051,0.5742572770267012,0.5,1.3017124345601169e-236,0.5474412605884552,0.11389438601001778,0.12450478771719248,True,False
Line_Chart&reVLAT_NoVizChoices&Gemini,0.08382937391599196,0.1671840859151804,0.247,0.093,0.186,0.506,-0.1262101057803473,0.4412711749670189,False,True
retrieve_value&reVLAT_NoVizChoices&Gemini,0.5011063608146274,0.4571755025643345,0.647,0.001,0.002,0.494,0.1739513141329908,0.7190293254752914,False,False
Line_Chart&retrieve_value&reVLAT_NoVizChoices&Gemini,-0.8547828850664047,-0.8243761005258488,0.422,1.0,0.0,0.495,-1.2092105941474816,-0.478215909253819,False,False
reVLAT_VizChoices,-0.47368720064033926,-0.5050736683715759,0.71,1.0,0.0,0.451,-0.6379137368928093,-0.3966914576180407,False,False
Line_Chart&reVLAT_VizChoices,0.36138156909592073,0.3615267193939044,0.366,0.021,0.042,0.367,0.0124311668851646,0.5733408800884248,False,False
retrieve_value&reVLAT_VizChoices,-0.2172920771536559,-0.24876959955805017,0.558,0.998,0.0040000000000000036,0.38,-0.5528723044892861,-0.0865308873008671,False,False
Line_Chart&retrieve_value&reVLAT_VizChoices,0.2704143264379808,0.32966000632560827,0.453,0.001,0.002,0.634,0.0890984490540914,0.6916287034527481,False,False
reVLAT_NoVizChoices,-0.38600494941743646,-0.3855465729057439,0.461,1.0,0.0,0.466,-0.5141166791536215,-0.2833111363342631,False,False
Line_Chart&reVLAT_NoVizChoices,-0.3592490666988335,-0.3349538702733328,0.399,0.999,0.0020000000000000018,0.523,-0.5662265915919606,-0.1052069265720196,False,False
retrieve_value&reVLAT_NoVizChoices,-0.416670539345798,-0.3737772566096526,0.325,1.0,0.0,0.51,-0.5830151981670125,-0.1656361497989793,False,False
Line_Chart&retrieve_value&reVLAT_NoVizChoices,0.9921982398818614,0.9253368575222065,0.7,0.0,0.0,0.502,0.6442751476700195,1.207280912017208,False,False
Line_Chart&find_extremum,0.42777190786223773,0.4006714226108456,0.364,0.173,0.346,0.319,-0.4026468879263875,0.8543510938147499,False,True
find_extremum,-0.6824680947835519,-0.8660089570957621,0.919,1.0,0.0,0.472,-1.1851770096061691,-0.6229101292370278,False,False
find_extremum&ChatGPT,-1.6473822069262671,-1.747346308183036,0.643,1.0,0.0,0.457,-2.257829247083476,-1.369371008385865,False,False
Line_Chart&find_extremum&ChatGPT,0.5236440253819761,0.2564990036871311,0.552,0.184,0.368,0.273,-1.243517848221522,1.0153017788076752,False,True
find_extremum&reVLAT_VizChoices&ChatGPT,-1.7744977159036632,-1.9732473346610022,0.686,1.0,0.0,0.451,-2.749510930002056,-1.484026371546879,False,False
Line_Chart&find_extremum&reVLAT_VizChoices&ChatGPT,0.08295122699729732,-0.27264041664985006,0.475,0.382,0.764,0.212,-3.190997319311265,0.8732710838888418,False,True
find_extremum&reVLAT_NoVizChoices&ChatGPT,0.12711550897754986,0.22590102647798002,0.5505753809188975,0.5,2.3413095632972894e-126,0.589360564085051,0.2099473447475101,0.2418547082084499,True,False
Line_Chart&find_extremum&reVLAT_NoVizChoices&ChatGPT,0.4406927983847343,0.5291394203369797,0.522,0.119,0.238,0.609,-0.6931065816361646,2.1991106693400844,False,True
find_extremum&Gemini,0.9649141121426945,0.8813373510873077,0.8327048608442322,0.5,0.0,0.8109312620781657,0.8702885393919626,0.8923861627826513,True,False
Line_Chart&find_extremum&Gemini,-0.09587211751974256,0.14417241892371865,0.245,0.416,0.832,0.652,-0.3405418220764469,0.9757886361755096,False,True
find_extremum&reVLAT_VizChoices&Gemini,1.2405561240422958,1.2637193360690047,0.465,0.0,0.0,0.521,0.8333788329858409,1.7678168384579824,False,False
Line_Chart&find_extremum&reVLAT_VizChoices&Gemini,-0.11047842915874358,0.13547214070769206,0.397,0.556,0.8879999999999999,0.691,-0.640750571026335,1.659275199097927,False,True
find_extremum&reVLAT_NoVizChoices&Gemini,-0.27564201189892856,-0.382381984981664,0.644,0.956,0.08800000000000008,0.479,-0.873310047706953,0.0427901946145097,False,True
Line_Chart&find_extremum&reVLAT_NoVizChoices&Gemini,0.014606311639068888,0.008700278216014396,0.47,0.455,0.91,0.462,-0.929933328410686,0.8736874456219271,False,True
find_extremum&reVLAT_VizChoices,-0.5339415918618985,-0.7095279985920407,0.768,1.0,0.0,0.457,-1.2344347729664344,-0.34494724802582,False,False
Line_Chart&find_extremum&reVLAT_VizChoices,-0.02752720216151454,-0.13716827594213657,0.411,0.448,0.896,0.282,-1.7202332057879288,0.6102772167401286,False,True
find_extremum&reVLAT_NoVizChoices,-0.14852650292114783,-0.15648095850373434,0.4409637944716633,0.5,7.938282952342926e-116,0.4378271309909394,-0.16818551652402952,-0.14477640048343948,True,False
Line_Chart&find_extremum&reVLAT_NoVizChoices,0.4552991100237111,0.5378396985529906,0.457,0.035,0.07,0.571,-0.1814877808776424,1.486672593703491,False,True
Line_Chart&determine_range,0.4494826422052881,0.4600269327452055,0.527,0.0,0.0,0.582,0.3061723348995557,0.6913363923241921,False,False
determine_range,0.023852477032396513,0.014356024770714562,0.502,0.316,0.632,0.422,-0.1610766252786392,0.1230316476237876,False,True
determine_range&ChatGPT,-0.3698706360300296,-0.39580059099933174,0.463,1.0,0.0,0.331,-0.7651346921423264,-0.2274316983340402,False,False
Line_Chart&determine_range&ChatGPT,0.623694613317078,0.7074039030184676,0.378,0.0,0.0,0.621,0.4703723712042933,1.1283369773223897,False,False
determine_range&reVLAT_VizChoices&ChatGPT,-0.2589010956811117,-0.1635728722062191,0.231,0.871,0.258,0.585,-0.365666973575674,0.1737731770593817,False,True
Line_Chart&determine_range&reVLAT_VizChoices&ChatGPT,-0.9042707149082395,-0.9321063528472031,0.642,1.0,0.0,0.575,-1.4095686211209515,-0.2857826915684557,False,False
determine_range&reVLAT_NoVizChoices&ChatGPT,-0.11096954034873568,-0.2322277187931066,0.715,0.956,0.08800000000000008,0.283,-0.9077055867637476,0.0401169116275366,False,True
Line_Chart&determine_range&reVLAT_NoVizChoices&ChatGPT,1.527965328225817,1.6395102558656913,0.358,0.0,0.0,0.588,1.175937465730864,2.376345744237947,False,False
determine_range&Gemini,0.3937231130622713,0.4101566157700187,0.491,0.0,0.0,0.568,0.2799718701621979,0.6253788992669848,False,False
Line_Chart&determine_range&Gemini,-0.1742119711120027,-0.24737697027324818,0.726,0.994,0.01200000000000001,0.47,-0.4877136088766481,-0.0506309373638579,False,False
determine_range&reVLAT_VizChoices&Gemini,0.1645022753177449,0.1497735636288928,0.541,0.075,0.15,0.477,-0.0677881735868868,0.3424988308166208,False,True
Line_Chart&determine_range&reVLAT_VizChoices&Gemini,0.6864732427301112,0.656931933284607,0.55,0.001,0.002,0.472,0.2347278071954902,0.9987073227604562,False,False
determine_range&reVLAT_NoVizChoices&Gemini,0.2292208377445945,0.26038305214111235,0.51,0.003,0.006,0.629,0.0636597336115245,0.6136100736504425,False,False
Line_Chart&determine_range&reVLAT_NoVizChoices&Gemini,-0.8606852138419998,-0.9043089035578739,0.556,1.0,0.0,0.455,-1.354957890303479,-0.5768899265119144,False,False
determine_range&reVLAT_VizChoices,-0.09439882036346484,-0.013799308577321794,0.165,0.619,0.762,0.558,-0.1625443598324632,0.1971815376966044,False,True
Line_Chart&determine_range&reVLAT_VizChoices,-0.2177974721785203,-0.27517441956259703,0.703,0.945,0.1100000000000001,0.544,-0.5471674832528277,0.0693850858147871,False,True
determine_range&reVLAT_NoVizChoices,0.11825129739589708,0.02815533334799696,0.821,0.239,0.478,0.369,-0.3205095146115623,0.2086343666150917,False,True
Line_Chart&determine_range&reVLAT_NoVizChoices,0.6672801143833907,0.7352013523077954,0.342,0.0,0.0,0.575,0.4799664676623738,1.115972059107225,False,False
Line_Chart&find_correlations_trends,-1.838540388172865,-1.779702780869431,0.364,1.0,0.0,0.483,-2.1751703839831618,-1.4132734851891895,False,False
find_correlations_trends,1.0637689636347634,1.0677399678886312,0.526,0.0,0.0,0.537,0.7402871965437119,1.4063700492199538,False,False
find_correlations_trends&ChatGPT,0.812700036448011,0.9509866997564645,0.272,0.001,0.002,0.56,0.6336224241995088,1.4423734304975986,False,False
Line_Chart&find_correlations_trends&ChatGPT,-2.7398287176158957,-2.6839875010393524,0.424,1.0,0.0,0.483,-3.365764273204394,-2.089213290702987,False,False
find_correlations_trends&reVLAT_VizChoices&ChatGPT,1.275297651141682,1.0059604711410852,0.875,0.001,0.002,0.457,0.2987829740976928,1.487018051387167,False,False
Line_Chart&find_correlations_trends&reVLAT_VizChoices&ChatGPT,1.4831165084063687,1.7137158291721175,0.223,0.0,0.0,0.586,1.2160135709437778,2.447965330891844,False,False
find_correlations_trends&reVLAT_NoVizChoices&ChatGPT,-0.46259761469356914,-0.054973771384624975,0.071,0.668,0.6639999999999999,0.612,-0.6332391015088343,0.9236741411469408,False,True
Line_Chart&find_correlations_trends&reVLAT_NoVizChoices&ChatGPT,-4.22294522602197,-4.397703330211457,0.629,1.0,0.0,0.476,-5.425763024077496,-3.655169928024187,False,False
find_correlations_trends&Gemini,0.25106892718653373,0.11675326813218403,0.798,0.207,0.414,0.432,-0.3419575610173843,0.4231760796334713,False,True
Line_Chart&find_correlations_trends&Gemini,0.9012883294429479,0.9042847201699045,0.51,0.0,0.0,0.514,0.4752532554470031,1.3664007979803818,False,False
find_correlations_trends&reVLAT_VizChoices&Gemini,0.3933219984685284,0.48492867746371404,0.337,0.024,0.048,0.553,0.0049955947303737,1.054779062017902,False,False
Line_Chart&find_correlations_trends&reVLAT_VizChoices&Gemini,-0.89540932765164,-0.9602147444157925,0.587,0.999,0.0020000000000000018,0.472,-1.5882514967068546,-0.510305000956866,False,False
find_correlations_trends&reVLAT_NoVizChoices&Gemini,-0.1422530712819777,-0.36817540933152293,0.883,0.968,0.06400000000000006,0.346,-1.3102368545058365,0.027613586562368,False,True
Line_Chart&find_correlations_trends&reVLAT_NoVizChoices&Gemini,1.7966976570945767,1.864499464585671,0.459,0.0,0.0,0.538,1.17196910515973,2.8186881462755355,False,False
find_correlations_trends&reVLAT_VizChoices,1.6686196496099708,1.4908891486047928,0.841,0.0,0.0,0.513,1.1003880694609474,1.8711766145530373,False,False
Line_Chart&find_correlations_trends&reVLAT_VizChoices,0.587707180754731,0.7535010847563182,0.18,0.0,0.0,0.558,0.4016685014403711,1.2162926151968343,False,False
find_correlations_trends&reVLAT_NoVizChoices,-0.6048506859755117,-0.42314918071615626,0.138,0.945,0.1100000000000001,0.532,-0.909217151488936,0.1052357805666644,False,True
Line_Chart&find_correlations_trends&reVLAT_NoVizChoices,-2.4262475689277023,-2.533203865625754,0.664,1.0,0.0,0.485,-3.1182007261475797,-2.02077872247577,False,False
Line_Chart&make_comparisons,-0.2991942258172508,-0.3094195892138603,0.601,0.99,0.020000000000000018,0.558,-0.4857497386159308,-0.0625337962821158,False,False
make_comparisons,0.6863010751260264,0.6987340512172957,0.7537375686777715,0.5,0.0,0.75764006257109,0.6938719126722248,0.7035961897623653,True,False
make_comparisons&ChatGPT,0.34217699795691153,0.3446385691792016,0.467,0.0,0.0,0.476,0.1094778223280011,0.5397363851575967,False,False
Line_Chart&make_comparisons&ChatGPT,-0.2678951879983838,-0.2110951230654555,0.43,0.875,0.25,0.59,-0.4986501775874176,0.2414753932443088,False,True
make_comparisons&reVLAT_VizChoices&ChatGPT,-0.5485045113214584,-0.5181645781594582,0.371,1.0,0.0,0.448,-0.8760998034353161,-0.2526050413666952,False,False
Line_Chart&make_comparisons&reVLAT_VizChoices&ChatGPT,-0.2321227218471148,-0.1882978628376973,0.531,0.795,0.4099999999999999,0.6,-0.6400236109213959,0.5561525720409105,False,True
make_comparisons&reVLAT_NoVizChoices&ChatGPT,0.8906815092785879,0.8628031473386527,0.594,0.0,0.0,0.512,0.4948134626710865,1.1855105170085374,False,False
Line_Chart&make_comparisons&reVLAT_NoVizChoices&ChatGPT,-0.0357724661511582,-0.022797260227764113,0.471,0.527,0.946,0.486,-0.5223781529287739,0.4495027599204504,False,True
make_comparisons&Gemini,0.3441240771689848,0.3540954820380982,0.6346231419798342,0.5,0.0,0.6383659545516469,0.34657174199395374,0.3616192220822418,True,False
Line_Chart&make_comparisons&Gemini,-0.03129903781895368,-0.09832446614840151,0.657,0.741,0.518,0.479,-0.4177270614116031,0.1772740655023137,False,True
make_comparisons&reVLAT_VizChoices&Gemini,0.8297437446689152,0.8909537088747481,0.459,0.0,0.0,0.559,0.6004365570229805,1.3143450758156994,False,False
Line_Chart&make_comparisons&reVLAT_VizChoices&Gemini,-0.019292541909707694,-0.12099381334558428,0.618,0.654,0.692,0.47,-0.6683511833158148,0.2739851542282603,False,True
make_comparisons&reVLAT_NoVizChoices&Gemini,-0.48561966749977414,-0.5368582268366402,0.569,0.999,0.0020000000000000018,0.45,-0.9331055952800318,-0.2576326205764277,False,False
Line_Chart&make_comparisons&reVLAT_NoVizChoices&Gemini,-0.012006495909280672,0.022669347197176577,0.465,0.491,0.982,0.533,-0.4031882370206271,0.5152184368739734,False,True
make_comparisons&reVLAT_VizChoices,0.2812392333475592,0.3727891307153154,0.211,0.001,0.002,0.526,0.1832027255409117,0.6022014317015488,False,False
Line_Chart&make_comparisons&reVLAT_VizChoices,-0.2514152637569778,-0.3092916761832769,0.68,0.936,0.1279999999999999,0.554,-0.6336531243694178,0.0954184514772639,False,True
make_comparisons&reVLAT_NoVizChoices,0.4050618417785856,0.3259449205020241,0.761,0.014,0.028,0.448,0.0470473809810968,0.5124622315143744,False,False
Line_Chart&make_comparisons&reVLAT_NoVizChoices,-0.047778962060430356,-0.00012791303058635987,0.37,0.516,0.968,0.516,-0.3018868982523636,0.3417190263061369,False,True
Bar_Chart&retrieve_value,1.5209433247899786,1.5928047735846558,0.407,0.0,0.0,0.569,1.321176033926348,2.003322424260929,False,False
Bar_Chart,-0.12987843074680597,-0.18142691430508956,0.442,0.968,0.06400000000000006,0.388,-0.4704953231337611,0.0031827356479769,False,True
Bar_Chart&ChatGPT,-0.3676943838176864,-0.30633826991612984,0.212,0.991,0.018000000000000016,0.542,-0.4566614435956261,-0.1122492066301744,False,False
Bar_Chart&retrieve_value&ChatGPT,1.820927646614931,1.7684233242763592,0.637,0.0,0.0,0.514,1.4533608545456915,2.1435333474572125,False,False
Bar_Chart&reVLAT_VizChoices&ChatGPT,-0.13741073792372033,-0.05956120875710749,0.222,0.745,0.51,0.513,-0.2328626609626473,0.1445064836305907,False,True
Bar_Chart&retrieve_value&reVLAT_VizChoices&ChatGPT,0.5192952061521275,0.6114361204430937,0.333,0.0,0.0,0.601,0.3319863353731501,1.1509429590077722,False,False
Bar_Chart&reVLAT_NoVizChoices&ChatGPT,-0.2302836458941873,-0.2467770611590222,0.614,0.973,0.05400000000000005,0.546,-0.4355142867337321,0.0058555166028304,False,True
Bar_Chart&retrieve_value&reVLAT_NoVizChoices&ChatGPT,1.3016324404624402,1.1569872038332405,0.9034774479761558,0.5,0.0,0.8763598050993384,1.1433142202509328,1.1706601874155464,True,False
Bar_Chart&Gemini,0.23781595307099715,0.12491135561105984,0.637,0.314,0.628,0.404,-0.206373227587433,0.3822105783952494,False,True
Bar_Chart&retrieve_value&Gemini,-0.2999843218255774,-0.17561855069167023,0.301,0.777,0.44599999999999995,0.56,-0.4905160188468187,0.1631160827252,False,True
Bar_Chart&reVLAT_VizChoices&Gemini,0.06573653678881086,-0.18306238782340936,0.758,0.591,0.8180000000000001,0.366,-0.7665538439488522,0.2607297352654676,False,True
Bar_Chart&retrieve_value&reVLAT_VizChoices&Gemini,0.28890060186895117,0.435041458222054,0.426,0.065,0.13,0.601,-0.1089863985203284,1.0515615610825948,False,True
Bar_Chart&reVLAT_NoVizChoices&Gemini,0.17207941628218004,0.30797374343446365,0.23,0.046,0.092,0.525,-0.3470743700374003,0.699752598021369,False,True
Bar_Chart&retrieve_value&reVLAT_NoVizChoices&Gemini,-0.5888849236944924,-0.6106600089137213,0.543,0.974,0.052000000000000046,0.506,-1.1171680963713662,0.0154818076216475,False,True
Bar_Chart&reVLAT_VizChoices,-0.07167420113492383,-0.242623596580512,0.599,0.865,0.27,0.357,-0.7465120121995072,0.1264454859666571,False,True
Bar_Chart&retrieve_value&reVLAT_VizChoices,0.80819580802096,1.0464775786651501,0.246,0.0,0.0,0.601,0.6556156469122704,1.6333150819265412,False,False
Bar_Chart&reVLAT_NoVizChoices,-0.05820422961191304,0.061196682275435836,0.217,0.418,0.836,0.569,-0.3527932105143705,0.3629376132168627,False,True
Bar_Chart&retrieve_value&reVLAT_NoVizChoices,0.7127475167681558,0.5463271949195388,0.826,0.0,0.0,0.502,0.2043648761665884,0.9319418865048849,False,False
Bar_Chart&find_extremum,-2.4036115223740877,-2.6812984711289483,0.505,1.0,0.0,0.391,-3.914724030096407,-2.0010731230467527,False,False
Bar_Chart&find_extremum&ChatGPT,-2.978708383817563,-2.8245865579946456,0.324,1.0,0.0,0.501,-3.484614897213744,-2.073727734607,False,False
Bar_Chart&find_extremum&reVLAT_VizChoices&ChatGPT,-0.8066747560968479,-0.7388169112889678,0.343,1.0,0.0,0.458,-1.1906815025752355,-0.4752551001523395,False,False
Bar_Chart&find_extremum&reVLAT_NoVizChoices&ChatGPT,-2.172033627719997,-2.085769646705666,0.396,1.0,0.0,0.511,-2.689661813434856,-1.2332099664770242,False,False
Bar_Chart&find_extremum&Gemini,0.575096861443274,0.14328808686569697,0.624,0.387,0.774,0.391,-1.0082002304722235,1.0393556362120908,False,True
Bar_Chart&find_extremum&reVLAT_VizChoices&Gemini,-0.3434163444135207,-1.0427160580071837,0.564,0.868,0.264,0.363,-3.1112756217434265,0.3601523958907719,False,True
Bar_Chart&find_extremum&reVLAT_NoVizChoices&Gemini,0.918513205856848,1.1860041448728789,0.396,0.038,0.076,0.575,-1.2663538425431609,2.613610184483768,False,True
Bar_Chart&find_extremum&reVLAT_VizChoices,-1.1500911005110457,-1.7815329692961215,0.531,0.989,0.02200000000000002,0.357,-3.7324558493275024,-0.668346127803927,False,False
Bar_Chart&find_extremum&reVLAT_NoVizChoices,-1.2535204218636316,-0.8997655018328065,0.29,0.927,0.1459999999999999,0.619,-2.375069018821591,0.117791318790904,False,True
Bar_Chart&determine_range,1.0229457218154419,1.1145171887149834,0.358,0.0,0.0,0.577,0.8957804472230583,1.4561377978173504,False,False
Bar_Chart&determine_range&ChatGPT,0.5555559510298432,0.5471740352266005,0.591,0.0,0.0,0.565,0.3065737420261987,0.9101783151423734,False,False
Bar_Chart&determine_range&reVLAT_VizChoices&ChatGPT,-0.16054478660251317,-0.24163493797857252,0.681,0.968,0.06400000000000006,0.437,-0.578061064991526,0.0142722475389149,False,True
Bar_Chart&determine_range&reVLAT_NoVizChoices&ChatGPT,0.7161007376321901,0.7888089732051722,0.428,0.0,0.0,0.597,0.4466705638108497,1.4145794760399166,False,False
Bar_Chart&determine_range&Gemini,0.46738977078567706,0.5673431534883803,0.32,0.0,0.0,0.592,0.2847883619985422,0.9072894589847086,False,False
Bar_Chart&determine_range&reVLAT_VizChoices&Gemini,0.7038036455975786,0.904753460364631,0.327,0.0,0.0,0.609,0.4739552373620105,1.47871916119591,False,False
Bar_Chart&determine_range&reVLAT_NoVizChoices&Gemini,-0.2364138748120403,-0.3374103068762456,0.669,0.95,0.10000000000000009,0.479,-0.8142083811998925,0.2478614993779233,False,True
Bar_Chart&determine_range&reVLAT_VizChoices,0.5432588589951536,0.6631185223860574,0.446,0.0,0.0,0.632,0.2811565335506226,1.1739238086916208,False,False
Bar_Chart&determine_range&reVLAT_NoVizChoices,0.47968686282009276,0.45139866632892434,0.554,0.0,0.0,0.483,0.1285145514587074,0.8994550534250638,False,False
Bar_Chart&make_comparisons,-0.27015595497744355,-0.20745040547581986,0.451,0.879,0.242,0.57,-0.4448265898063926,0.1169746607384052,False,True
Bar_Chart&make_comparisons&ChatGPT,0.23453040235492376,0.20265092857555556,0.614,0.052,0.104,0.504,-0.0657018853954101,0.4566514647227091,False,True
Bar_Chart&make_comparisons&reVLAT_VizChoices&ChatGPT,0.3105135986235405,0.30945452006734187,0.528,0.028,0.056,0.527,-0.009720593622824,0.6758075392137392,False,True
Bar_Chart&make_comparisons&reVLAT_NoVizChoices&ChatGPT,-0.07598319626863836,-0.10680359149178303,0.561,0.744,0.512,0.495,-0.4625975234692956,0.2204219812415839,False,True
Bar_Chart&make_comparisons&Gemini,-0.5046863573325262,-0.410101334051375,0.379,0.964,0.07200000000000006,0.531,-0.7744332079926086,0.0512066654868988,False,True
Bar_Chart&make_comparisons&reVLAT_VizChoices&Gemini,-0.5835513662644465,-0.4801412484029314,0.451,0.866,0.268,0.568,-1.1400791612356882,0.2317032481238494,False,True
Bar_Chart&make_comparisons&reVLAT_NoVizChoices&Gemini,0.07886500893201216,0.0700399143515533,0.521,0.404,0.808,0.508,-0.4279817181410267,0.7851543536623928,False,True
Bar_Chart&make_comparisons&reVLAT_VizChoices,-0.27303776764071996,-0.17068672833559365,0.473,0.679,0.6419999999999999,0.604,-0.6273709508288139,0.3993482400049873,False,True
Bar_Chart&make_comparisons&reVLAT_NoVizChoices,0.002881812663355949,-0.03676367714022959,0.574,0.567,0.8660000000000001,0.494,-0.4140041492517379,0.4232393672473086,False,True
Stacked_Bar_Chart&retrieve_value,0.5057767931491418,0.49982040263170313,0.631,0.0,0.0,0.6,0.3469973841731389,0.7716305659195883,False,False
Stacked_Bar_Chart,0.46016199424004745,0.48344520634252924,0.322,0.0,0.0,0.428,0.2402462602526416,0.6585524244049433,False,False
Stacked_Bar_Chart&ChatGPT,1.1162731216943598,1.1990897476639462,0.274,0.0,0.0,0.564,0.9875910498229128,1.506741560925424,False,False
Stacked_Bar_Chart&retrieve_value&ChatGPT,0.3357916279739555,0.266550114448976,0.6314856385949952,0.5,0.0,0.6050919350044213,0.25834990883628706,0.27475032006166455,True,False
Stacked_Bar_Chart&reVLAT_VizChoices&ChatGPT,0.3702350089987793,0.4747162566767525,0.209,0.0,0.0,0.505,0.1476992806236816,0.7676526604664021,False,False
Stacked_Bar_Chart&retrieve_value&reVLAT_VizChoices&ChatGPT,-0.5054902169345051,-0.44218065448875177,0.431,0.968,0.06400000000000006,0.59,-0.777278565416761,0.0252495019530358,False,True
Stacked_Bar_Chart&reVLAT_NoVizChoices&ChatGPT,0.7460381126958572,0.7243734909872068,0.702,0.0,0.0,0.644,0.467564842428883,1.236281092997621,False,False
Stacked_Bar_Chart&retrieve_value&reVLAT_NoVizChoices&ChatGPT,0.8412818449084555,0.7087307689377136,0.716,0.004,0.008,0.427,0.1938103662750841,1.0983680751510054,False,False
Stacked_Bar_Chart&Gemini,-0.6561111274542044,-0.715644541321392,0.522,1.0,0.0,0.306,-1.2005937069889705,-0.497153691533613,False,False
Stacked_Bar_Chart&retrieve_value&Gemini,0.16998516517495105,0.2332702881827198,0.435,0.035,0.07,0.677,-0.0098580326714855,0.7099734427833047,False,True
Stacked_Bar_Chart&reVLAT_VizChoices&Gemini,-0.02405488910397301,-0.04813094068574604,0.681,0.734,0.532,0.621,-0.3263207597543245,0.4705323099350676,False,True
Stacked_Bar_Chart&retrieve_value&reVLAT_VizChoices&Gemini,0.3728646801828464,0.289784460133847,0.596,0.116,0.232,0.427,-0.2493780552581255,0.648158079547572,False,True
Stacked_Bar_Chart&reVLAT_NoVizChoices&Gemini,-0.632056238350279,-0.6675136006356518,0.317,1.0,0.0,0.249,-1.5680141184551704,-0.3172481523819009,False,False
Stacked_Bar_Chart&retrieve_value&reVLAT_NoVizChoices&Gemini,-0.20287951500772014,-0.05651417195110829,0.382,0.78,0.43999999999999995,0.71,-0.4874050472257793,0.8320168407095724,False,True
Stacked_Bar_Chart&reVLAT_VizChoices,0.34618011989470415,0.4265853159910138,0.267,0.002,0.004,0.578,0.2398471420387634,0.6989362906333735,False,False
Stacked_Bar_Chart&retrieve_value&reVLAT_VizChoices,-0.13262553675175173,-0.1523961943548923,0.538,0.881,0.238,0.482,-0.4515817495893329,0.130596373973207,False,True
Stacked_Bar_Chart&reVLAT_NoVizChoices,0.11398187434540796,0.056859890351553706,0.529,0.184,0.368,0.31,-0.3894984449919074,0.2693745315075576,False,True
Stacked_Bar_Chart&retrieve_value&reVLAT_NoVizChoices,0.6384023299009116,0.652216596986602,0.608,0.0,0.0,0.652,0.3890828496913208,1.1369292801111524,False,False
Stacked_Bar_Chart&find_extremum,0.10441390517233695,0.13809021498420943,0.284,0.173,0.346,0.358,-0.5426340281149155,0.5237181601992508,False,True
Stacked_Bar_Chart&find_extremum&ChatGPT,1.257963992430041,1.4601465173973036,0.256,0.0,0.0,0.629,1.0258299316252786,2.2801381875023936,False,False
Stacked_Bar_Chart&find_extremum&reVLAT_VizChoices&ChatGPT,0.6958249904690573,0.7675021020733147,0.401,0.04,0.08,0.495,-0.0795697488524571,1.46642913324755,False,True
Stacked_Bar_Chart&find_extremum&reVLAT_NoVizChoices&ChatGPT,0.5621390019608608,0.6926444153239836,0.532,0.017,0.034,0.68,0.028232612344354,2.1258583658842167,False,False
Stacked_Bar_Chart&find_extremum&Gemini,-1.1535500872581954,-1.3220563024130747,0.49,1.0,0.0,0.261,-2.6935608933993485,-0.8000638922176989,False,False
Stacked_Bar_Chart&find_extremum&reVLAT_VizChoices&Gemini,-0.5747050895195838,-0.4049052443512001,0.455,0.841,0.31800000000000006,0.658,-1.153811297087036,0.9975979521614524,False,True
Stacked_Bar_Chart&find_extremum&reVLAT_NoVizChoices&Gemini,-0.5788449977379757,-0.9171510580618897,0.513,0.972,0.05600000000000005,0.205,-3.5912493066726907,0.010635822903101,False,True
Stacked_Bar_Chart&find_extremum&reVLAT_VizChoices,0.12111990094957573,0.3625968577221118,0.226,0.092,0.184,0.588,-0.1271252513238568,1.15841901284919,False,True
Stacked_Bar_Chart&find_extremum&reVLAT_NoVizChoices,-0.016705995777213427,-0.22450664273789842,0.606,0.641,0.718,0.268,-1.5543333482627906,0.3365195810249067,False,True
Stacked_Bar_Chart&make_comparisons,-0.15002870408130148,-0.15446541127335073,0.561,0.89,0.21999999999999997,0.546,-0.3482173142553356,0.1023724087359934,False,True
Stacked_Bar_Chart&make_comparisons&ChatGPT,-0.4774824987095128,-0.5276068841823092,0.611,1.0,0.0,0.442,-0.8618107074799642,-0.2516675009431073,False,False
Stacked_Bar_Chart&make_comparisons&reVLAT_VizChoices&ChatGPT,0.17990023546420073,0.14939480909218425,0.582,0.22,0.44,0.508,-0.2234357237203591,0.5308851015422161,False,True
Stacked_Bar_Chart&make_comparisons&reVLAT_NoVizChoices&ChatGPT,-0.6573827341740304,-0.6770016932744854,0.466,1.0,0.0,0.415,-1.278836644827502,-0.3067532062293054,False,False
Stacked_Bar_Chart&make_comparisons&Gemini,0.32745379462822477,0.3731414729089437,0.487,0.003,0.006,0.614,0.0924235302718583,0.8859425012577773,False,False
Stacked_Bar_Chart&make_comparisons&reVLAT_VizChoices&Gemini,0.1777855202326092,0.06698984353158839,0.629,0.365,0.73,0.454,-0.4962731020182487,0.5157838783620627,False,True
Stacked_Bar_Chart&make_comparisons&reVLAT_NoVizChoices&Gemini,0.149668274395578,0.30615162937734347,0.412,0.161,0.322,0.658,-0.1847179845304257,1.2546201341858858,False,True
Stacked_Bar_Chart&make_comparisons&reVLAT_VizChoices,0.35768575569691585,0.2163846526237817,0.837,0.078,0.156,0.473,-0.1219669774249789,0.4652019266149364,False,True
Stacked_Bar_Chart&make_comparisons&reVLAT_NoVizChoices,-0.5077144597782842,-0.3708500638971292,0.229,0.933,0.1339999999999999,0.61,-0.6472296781106875,0.0885425468432856,False,True
OneHundred_Stacked_Bar_Chart&retrieve_value,-0.8743425913194355,-0.8804576214430214,0.537,1.0,0.0,0.514,-1.1726972500416564,-0.5395423338218818,False,False
OneHundred_Stacked_Bar_Chart,-0.9062367932145848,-0.8439627853915936,0.22,1.0,0.0,0.456,-1.1327500259981151,-0.6567090079798737,False,False
OneHundred_Stacked_Bar_Chart&ChatGPT,-2.471909381832426,-2.4225701681743805,0.354,1.0,0.0,0.468,-2.8126938818247376,-2.1095894493093272,False,False
OneHundred_Stacked_Bar_Chart&retrieve_value&ChatGPT,-2.1061052432658016,-2.064783379711109,0.41,1.0,0.0,0.483,-2.507335440771027,-1.6719938806903896,False,False
OneHundred_Stacked_Bar_Chart&reVLAT_VizChoices&ChatGPT,-1.3102429003877456,-1.2917777781184432,0.355,1.0,0.0,0.425,-1.972288526668125,-1.0423508242505592,False,False
OneHundred_Stacked_Bar_Chart&retrieve_value&reVLAT_VizChoices&ChatGPT,-1.4999384906589166,-1.460048386220737,0.405,1.0,0.0,0.499,-1.8561848477993537,-1.083572414156831,False,False
OneHundred_Stacked_Bar_Chart&reVLAT_NoVizChoices&ChatGPT,-1.1616664814450048,-1.1307923900559929,0.413,1.0,0.0,0.528,-1.3786785722003152,-0.7273091620586605,False,False
OneHundred_Stacked_Bar_Chart&retrieve_value&reVLAT_NoVizChoices&ChatGPT,-0.6061667526059717,-0.6047349934903596,0.27220274251394416,0.5,0.0,0.27267827296422187,-0.609687558133602,-0.5997824288471189,True,False
OneHundred_Stacked_Bar_Chart&Gemini,1.5656725886169076,1.5786073827828198,0.472,0.0,0.0,0.514,1.1489994230313867,2.0396278267457704,False,False
OneHundred_Stacked_Bar_Chart&retrieve_value&Gemini,1.2317626519458713,1.1843257582680502,0.629,0.0,0.0,0.501,0.7158712142784417,1.586624000012463,False,False
OneHundred_Stacked_Bar_Chart&reVLAT_VizChoices&Gemini,1.3044455413058882,1.342346848531385,0.553,0.0,0.0,0.647,1.063457758615106,2.339748182416843,False,False
OneHundred_Stacked_Bar_Chart&retrieve_value&reVLAT_VizChoices&Gemini,1.3524659047491263,1.273426743523836,0.611,0.0,0.0,0.424,0.4828555896960065,1.649858440822905,False,False
OneHundred_Stacked_Bar_Chart&reVLAT_NoVizChoices&Gemini,0.26122704731138224,0.23626053425143104,0.431,0.096,0.192,0.355,-0.4864077750406747,0.5381477782683415,False,True
OneHundred_Stacked_Bar_Chart&retrieve_value&reVLAT_NoVizChoices&Gemini,-0.12070325280309739,-0.08910098525576016,0.507,0.799,0.4019999999999999,0.607,-0.3842078780790701,0.6283870622098838,False,True
OneHundred_Stacked_Bar_Chart&reVLAT_VizChoices,-0.00579735908123592,0.050569070412959036,0.348,0.368,0.736,0.61,-0.1315815592013359,0.4133051441560088,False,True
OneHundred_Stacked_Bar_Chart&retrieve_value&reVLAT_VizChoices,-0.147472585910049,-0.18662164269690254,0.533,0.914,0.17199999999999993,0.404,-0.6782256791089339,0.0522487294355136,False,True
OneHundred_Stacked_Bar_Chart&reVLAT_NoVizChoices,-0.9004394341333336,-0.8945318558045439,0.346,1.0,0.0,0.369,-1.488221971097054,-0.7127228185085824,False,False
OneHundred_Stacked_Bar_Chart&retrieve_value&reVLAT_NoVizChoices,-0.7268700054091226,-0.6938359787461279,0.51,0.979,0.04200000000000004,0.644,-0.9254623107980832,-0.0161702922489156,False,False
OneHundred_Stacked_Bar_Chart&find_extremum,-1.289521457227908,-1.2281077991301226,0.199,1.0,0.0,0.346,-2.124900676681863,-0.9498688327804606,False,False
OneHundred_Stacked_Bar_Chart&find_extremum&ChatGPT,-1.3481052069932393,-1.2539236786288652,0.282,1.0,0.0,0.472,-1.6077691004161854,-0.9373667531472948,False,False
OneHundred_Stacked_Bar_Chart&find_extremum&reVLAT_VizChoices&ChatGPT,-0.5488564854797071,-0.5219475707770316,0.332,1.0,0.0,0.46,-0.692729620849532,-0.3853646867387071,False,False
OneHundred_Stacked_Bar_Chart&find_extremum&reVLAT_NoVizChoices&ChatGPT,-0.799248721513506,-0.731976107851822,0.32,1.0,0.0,0.476,-1.03706705159825,-0.4353021404301461,False,False
OneHundred_Stacked_Bar_Chart&find_extremum&Gemini,0.058583749765471385,0.02581587949871354,0.451,0.353,0.706,0.399,-1.122680169163523,0.4638600505810378,False,True
OneHundred_Stacked_Bar_Chart&find_extremum&reVLAT_VizChoices&Gemini,0.02785843773592548,0.11553716825998803,0.385,0.328,0.656,0.555,-0.6413184124980135,1.1353405576293174,False,True
OneHundred_Stacked_Bar_Chart&find_extremum&reVLAT_NoVizChoices&Gemini,0.030725312029456407,-0.08972128876128858,0.54,0.491,0.982,0.357,-2.260859335388381,0.5375375782080809,False,True
OneHundred_Stacked_Bar_Chart&find_extremum&reVLAT_VizChoices,-0.520998047743476,-0.4064104025170282,0.327,0.947,0.1060000000000001,0.545,-1.092597233848516,0.5661021904848844,False,True
OneHundred_Stacked_Bar_Chart&find_extremum&reVLAT_NoVizChoices,-0.7685234094837528,-0.821697396613127,0.43,0.999,0.0020000000000000018,0.326,-2.6834438945681574,-0.3372616893308534,False,False
OneHundred_Stacked_Bar_Chart&make_comparisons,1.2576272553324643,1.2646026351815949,0.598,0.0,0.0,0.618,1.0154322739721455,1.9994276135026023,False,False
OneHundred_Stacked_Bar_Chart&make_comparisons&ChatGPT,0.9823010684264762,0.8961368901655545,0.644,0.0,0.0,0.471,0.3025162210369596,1.3156144767958942,False,False
OneHundred_Stacked_Bar_Chart&make_comparisons&reVLAT_VizChoices&ChatGPT,0.7385520757517152,0.6902181788793368,0.536,0.041,0.082,0.428,-0.3763182729478377,1.1160018704500096,False,True
OneHundred_Stacked_Bar_Chart&make_comparisons&reVLAT_NoVizChoices&ChatGPT,0.24374899267487823,0.2059187112862138,0.619,0.117,0.234,0.548,-0.1182339332770162,0.6836690247137661,False,True
OneHundred_Stacked_Bar_Chart&make_comparisons&Gemini,0.27532618690558536,0.3684657450160433,0.435,0.054,0.108,0.614,-0.0510194187355763,1.6978940900588164,False,True
OneHundred_Stacked_Bar_Chart&make_comparisons&reVLAT_VizChoices&Gemini,-0.07587880117917023,-0.04661706325244676,0.604,0.707,0.5860000000000001,0.652,-0.6796270650721039,2.4598283989030585,False,True
OneHundred_Stacked_Bar_Chart&make_comparisons&reVLAT_NoVizChoices&Gemini,0.3512049880847506,0.4150828082684848,0.376,0.059,0.118,0.483,-0.8853279769071148,1.192182618698024,False,True
OneHundred_Stacked_Bar_Chart&make_comparisons&reVLAT_VizChoices,0.6626732745723622,0.643601115626888,0.673,0.003,0.006,0.63,0.2204283821714404,2.110835831197116,False,False
OneHundred_Stacked_Bar_Chart&make_comparisons&reVLAT_NoVizChoices,0.5949539807593317,0.6210015195546923,0.434,0.034,0.068,0.519,-0.1180208732706403,1.246609950975478,False,True
Pie_Chart&retrieve_value,-0.9746548950918379,-0.9848327712121361,0.605,1.0,0.0,0.571,-1.2196559165459024,-0.6546823863915529,False,False
Pie_Chart,-1.266401408717449,-1.2624286328245982,0.439,1.0,0.0,0.452,-1.5419394002745352,-1.0562134292496237,False,False
Pie_Chart&ChatGPT,-2.6512322720821206,-2.6197986664087307,0.1060869632018053,0.5,0.0,0.10734768863581864,-2.633985642875219,-2.605611689942249,True,False
Pie_Chart&retrieve_value&ChatGPT,-1.8594346690137928,-1.9023413401701073,0.55,1.0,0.0,0.454,-2.3346073740966258,-1.6039281269593255,False,False
Pie_Chart&reVLAT_VizChoices&ChatGPT,-3.0984511107745814,-3.104323895640281,0.477,1.0,0.0,0.471,-3.656954409058265,-2.681484230993611,False,False
Pie_Chart&retrieve_value&reVLAT_VizChoices&ChatGPT,-0.5661284785762029,-0.5741876253554661,0.539,1.0,0.0,0.474,-0.6929942226686616,-0.466328300476722,False,False
Pie_Chart&reVLAT_NoVizChoices&ChatGPT,0.4472188386931829,0.484525229231545,0.502,0.0,0.0,0.59,0.2037801130859715,0.942199747899123,False,False
Pie_Chart&retrieve_value&reVLAT_NoVizChoices&ChatGPT,-1.293306190437548,-1.3281537148146165,0.536,1.0,0.0,0.451,-1.73699685013711,-1.0299382879385826,False,False
Pie_Chart&Gemini,1.3848308633651656,1.3573700335841385,0.481,0.0,0.0,0.408,0.8468050278358917,1.683662837428726,False,False
Pie_Chart&retrieve_value&Gemini,0.8847797739217381,0.9175085689579924,0.486,0.0,0.0,0.561,0.5937383586512793,1.395265162723662,False,False
Pie_Chart&reVLAT_VizChoices&Gemini,1.7990027133852504,1.8422194312064981,0.477,0.0,0.0,0.562,1.5149015360025455,2.3181061080387404,False,False
Pie_Chart&retrieve_value&reVLAT_VizChoices&Gemini,0.8207225579981933,0.7810726460390529,0.578,0.0,0.0,0.453,0.3952054168408142,1.0664404119409314,False,False
Pie_Chart&reVLAT_NoVizChoices&Gemini,-0.41417185001981244,-0.48484939762235607,0.442,0.999,0.0020000000000000018,0.307,-1.3272340721038292,-0.1247952651668041,False,False
Pie_Chart&retrieve_value&reVLAT_NoVizChoices&Gemini,0.06405721592325231,0.13643592291894235,0.474,0.358,0.716,0.614,-0.3700783752883679,0.9348834715104316,False,True
Pie_Chart&reVLAT_VizChoices,-1.2994483973908302,-1.2621044644338053,0.419,1.0,0.0,0.54,-1.5867281411863494,-0.9134395120214036,False,False
Pie_Chart&retrieve_value&reVLAT_VizChoices,0.2545940794220856,0.20688502068356407,0.573,0.117,0.234,0.417,-0.1802791451751274,0.4446277051453423,False,True
Pie_Chart&reVLAT_NoVizChoices,0.033046988673717,-0.0003241683908123673,0.447,0.328,0.656,0.327,-0.5474306299730468,0.2533155642846882,False,True
Pie_Chart&retrieve_value&reVLAT_NoVizChoices,-1.2292489745131487,-1.1917177918957236,0.576,1.0,0.0,0.669,-1.528856056360608,-0.5327489482880567,False,False
Pie_Chart&find_extremum,1.8644168687962814,2.0527871878534287,0.124,0.0,0.0,0.539,1.7658233572992132,2.466347249071366,False,False
Pie_Chart&find_extremum&ChatGPT,2.301607157872927,2.3421860096416443,0.473,0.0,0.0,0.539,1.846652732217487,2.88332213569122,False,False
Pie_Chart&find_extremum&reVLAT_VizChoices&ChatGPT,-1.5482354258792974,-1.532073001370476,0.426,1.0,0.0,0.458,-1.9815993303579489,-1.1921357231848748,False,False
Pie_Chart&find_extremum&reVLAT_NoVizChoices&ChatGPT,3.8498425837524444,3.874259011012126,0.525,0.0,0.0,0.559,3.1693881845398613,4.789996312459904,False,False
Pie_Chart&find_extremum&Gemini,-0.4371902890769105,-0.28939882178821646,0.264,0.863,0.274,0.548,-0.7046000982442748,0.2698103004633955,False,True
Pie_Chart&find_extremum&reVLAT_VizChoices&Gemini,0.11199193120074392,0.11325872250690965,0.5445849837545218,0.5,1.2125923339585805e-43,0.5450871639540332,0.09798379677657897,0.12853364823724064,True,False
Pie_Chart&find_extremum&reVLAT_NoVizChoices&Gemini,-0.5491822202777238,-0.402657544295119,0.371,0.841,0.31800000000000006,0.553,-1.1517414154006924,0.5740621437844932,False,True
Pie_Chart&find_extremum&reVLAT_VizChoices,-1.4362434946784972,-1.4188142788635814,0.453,1.0,0.0,0.484,-1.855612927372477,-1.0142539276750089,False,False
Pie_Chart&find_extremum&reVLAT_NoVizChoices,3.3006603634762013,3.471601466717023,0.337,0.0,0.0,0.567,2.973420730136125,4.189130708525788,False,False
Pie_Chart&make_comparisons,-2.156163382421668,-2.3303830494659152,0.726,1.0,0.0,0.349,-3.0646276839131947,-1.9738348549624136,False,False
Pie_Chart&make_comparisons&ChatGPT,-3.0934047609412803,-3.0596433358803097,0.507,1.0,0.0,0.538,-3.71767711292581,-2.326049500500392,False,False
Pie_Chart&make_comparisons&reVLAT_VizChoices&ChatGPT,-0.9840872063206567,-0.9980632689143185,0.545,1.0,0.0,0.488,-1.1672442013696678,-0.8424826625822527,False,False
Pie_Chart&make_comparisons&reVLAT_NoVizChoices&ChatGPT,-2.1093175546224767,-2.0615800669659317,0.487,1.0,0.0,0.571,-2.6731287213546366,-1.348213142214311,False,False
Pie_Chart&make_comparisons&Gemini,0.9372413785199372,0.7292602864143436,0.611,0.138,0.276,0.281,-0.5381099359124306,1.2828502254160443,False,True
Pie_Chart&make_comparisons&reVLAT_VizChoices&Gemini,0.8662882241856951,0.9478880626605305,0.555,0.0,0.0,0.712,0.5098331012724029,1.9963608283949683,False,False
Pie_Chart&make_comparisons&reVLAT_NoVizChoices&Gemini,0.0709531543346959,-0.21862777624618765,0.525,0.416,0.832,0.212,-2.474684057964314,0.590518242615292,False,True
Pie_Chart&make_comparisons&reVLAT_VizChoices,-0.11779898213497632,-0.05017520625379575,0.576,0.798,0.4039999999999999,0.716,-0.4667573731961724,0.9365342380668676,False,True
Pie_Chart&make_comparisons&reVLAT_NoVizChoices,-2.038364400286949,-2.2802078432121347,0.565,1.0,0.0,0.205,-3.933156142361116,-1.7370710215510776,False,False
Histogram&retrieve_value,1.0979382413160055,1.1918691283952942,0.381,0.0,0.0,0.554,0.920662250128612,1.57907103443379,False,False
Histogram,-0.029664274231999906,-0.10816443906584448,0.561,0.663,0.6739999999999999,0.451,-0.4885454077537957,0.1175935541613974,False,True
Histogram&ChatGPT,1.169803208347316,1.0998220721701546,0.545,0.0,0.0,0.428,0.6621944725033256,1.581044534934594,False,False
Histogram&retrieve_value&ChatGPT,0.6519441430424866,0.7351039519962903,0.508,0.0,0.0,0.604,0.2655038221601629,1.2647398463206625,False,False
Histogram&reVLAT_VizChoices&ChatGPT,1.4654645322233195,1.750966872735569,0.149,0.0,0.0,0.555,1.296083930608285,2.358254369777899,False,False
Histogram&retrieve_value&reVLAT_VizChoices&ChatGPT,-0.9222825124776661,-1.0431841496513021,0.623,1.0,0.0,0.454,-1.6954769296871015,-0.4678362346210373,False,False
Histogram&reVLAT_NoVizChoices&ChatGPT,-0.2956613238762124,-0.6511448005654084,0.794,0.93,0.1399999999999999,0.365,-1.5276968352719422,0.173976438203166,False,True
Histogram&retrieve_value&reVLAT_NoVizChoices&ChatGPT,1.5742266555200544,1.778288101647629,0.436,0.0,0.0,0.616,0.9256154469612558,2.818468959626236,False,False
Histogram&Gemini,-1.1994674825791838,-1.2079865112360333,0.444,1.0,0.0,0.423,-1.8200709501162324,-0.87931351155225,False,False
Histogram&retrieve_value&Gemini,0.4459940982736677,0.45676517639899855,0.544,0.002,0.004,0.575,0.1094803873416376,1.0825463625630567,False,False
Histogram&reVLAT_VizChoices&Gemini,-1.5760098743402746,-1.725199225926947,0.755,1.0,0.0,0.5,-2.1936493281479787,-1.198717958380063,False,False
Histogram&retrieve_value&reVLAT_VizChoices&Gemini,1.4926642831448804,1.535410428285616,0.9320612865095477,0.5,0.0,0.9374818040200307,1.5182991527098928,1.5525217038613348,True,False
Histogram&reVLAT_NoVizChoices&Gemini,0.3765423917614753,0.51721271469095,0.26,0.098,0.196,0.513,-0.5574929059079325,1.1618540527822048,False,True
Histogram&retrieve_value&reVLAT_NoVizChoices&Gemini,-1.0466701848717317,-1.0786452518866458,0.558,0.981,0.038000000000000034,0.524,-1.8374785166815384,-0.0291312799916638,False,False
Histogram&reVLAT_VizChoices,-0.11054534211712498,0.025767646808593208,0.191,0.461,0.922,0.516,-0.2291446064896318,0.3067305750864783,False,True
Histogram&retrieve_value&reVLAT_VizChoices,0.5703817706673401,0.4922262786343374,0.7157899553720224,0.5,0.0,0.6887197579657545,0.4817022922385125,0.502750265030162,True,False
Histogram&reVLAT_NoVizChoices,0.08088106788510285,-0.13393208587446,0.69,0.531,0.938,0.455,-0.7966094680503736,0.2542921067632184,False,True
Histogram&retrieve_value&reVLAT_NoVizChoices,0.5275564706487882,0.6996428497609731,0.396,0.0,0.0,0.553,0.3072527929464874,1.350545321616357,False,False
Histogram&find_extremum,0.3379232406204502,0.28414466162586494,0.426,0.306,0.612,0.389,-0.3529526263400873,0.8884934265028296,False,True
Histogram&find_extremum&ChatGPT,-0.4638573932895839,-0.9426519466486025,0.632,0.98,0.040000000000000036,0.371,-2.195529260482729,-0.0293527034359183,False,False
Histogram&find_extremum&reVLAT_VizChoices&ChatGPT,0.1530661705361435,0.7897161260871634,0.201,0.097,0.194,0.598,-0.2082528757485763,2.196111720003563,False,True
Histogram&find_extremum&reVLAT_NoVizChoices&ChatGPT,-0.6169235638258527,-1.7323680727357615,0.766,0.995,0.010000000000000009,0.365,-4.099579728385415,-0.2536158515224247,False,False
Histogram&find_extremum&Gemini,0.8017806339102073,1.2267966082744581,0.162,0.0,0.0,0.551,0.6316677780087512,2.1626319313404503,False,False
Histogram&find_extremum&reVLAT_VizChoices&Gemini,0.6228139039061947,0.36377266924226914,0.699,0.234,0.468,0.478,-0.4329135451258498,1.07924103405043,False,True
Histogram&find_extremum&reVLAT_NoVizChoices&Gemini,0.17896673000405572,0.8630239390321903,0.225,0.098,0.196,0.552,-0.1852346889595559,2.477236345456417,False,True
Histogram&find_extremum&reVLAT_VizChoices,0.7758800744419334,1.1534887953294495,0.185,0.0,0.0,0.566,0.5130611825228863,2.065125511352497,False,False
Histogram&find_extremum&reVLAT_NoVizChoices,-0.4379568338218609,-0.8693441337035753,0.637,0.939,0.12200000000000011,0.367,-2.1771129252138857,0.1311153491841351,False,True
Histogram&make_comparisons,-1.4655257561685888,-1.5841782290870174,0.555,1.0,0.0,0.362,-2.45706170775228,-1.1593579095097148,False,False
Histogram&make_comparisons&ChatGPT,0.9817164585941628,1.3073700668224526,0.213,0.0,0.0,0.561,0.8333263773065077,2.3292883859567497,False,False
Histogram&make_comparisons&reVLAT_VizChoices&ChatGPT,2.2346808741657935,2.0044348962997263,0.9872377568147229,0.5,0.0,0.9774355563536401,1.9816608511449094,2.027208941454536,True,False
Histogram&make_comparisons&reVLAT_NoVizChoices&ChatGPT,-1.252964415571022,-0.6970648294772471,0.249,0.85,0.30000000000000004,0.553,-1.5920324594200492,0.985881902268426,False,True
Histogram&make_comparisons&Gemini,-2.447242214761342,-2.8915482959094874,0.843,1.0,0.0,0.274,-4.573258641574027,-2.257690214770697,False,False
Histogram&make_comparisons&reVLAT_VizChoices&Gemini,-3.691488061391026,-3.624382323454941,0.491,1.0,0.0,0.552,-4.560653662539879,-2.445221667573637,False,False
Histogram&make_comparisons&reVLAT_NoVizChoices&Gemini,1.2442458466291624,0.7328340275453994,0.676,0.143,0.286,0.276,-1.792175103162668,1.8483226650771123,False,True
Histogram&make_comparisons&reVLAT_VizChoices,-1.4568071872266497,-1.6199474271551622,0.716,1.0,0.0,0.505,-2.2526946769605023,-0.8934824108516466,False,False
Histogram&make_comparisons&reVLAT_NoVizChoices,-0.008718568941942522,0.0357691980681549,0.334,0.352,0.704,0.4,-1.4271357999323129,0.811523637609638,False,True
Scatterplot&retrieve_value,0.0619360866432449,0.09073629303279676,0.404,0.164,0.328,0.525,-0.1269262277547972,0.3325360261023861,False,True
Scatterplot,1.1601836726728132,1.1504288279459804,0.554,0.0,0.0,0.509,0.9236599374149332,1.3726312303593728,False,False
Scatterplot&ChatGPT,1.9594792942734751,1.9274807125048203,0.61,0.0,0.0,0.538,1.629988785002113,2.3300247301293244,False,False
Scatterplot&retrieve_value&ChatGPT,-0.5189204569959412,-0.4756753079965686,0.353,0.997,0.006000000000000005,0.493,-0.8444423085525226,-0.1581959773538382,False,False
Scatterplot&reVLAT_VizChoices&ChatGPT,0.4837054497952233,0.44974487393446777,0.565,0.019,0.038,0.465,0.0305431935467613,0.7764382595586883,False,False
Scatterplot&retrieve_value&reVLAT_VizChoices&ChatGPT,-0.6537132411580457,-0.4532713513269164,0.228,0.904,0.19199999999999995,0.585,-0.8848114960497436,0.2069854506501968,False,True
Scatterplot&reVLAT_NoVizChoices&ChatGPT,1.4757738444792072,1.4777358385703652,0.616,0.0,0.0,0.622,1.073949303762952,2.1993354960620146,False,False
Scatterplot&retrieve_value&reVLAT_NoVizChoices&ChatGPT,0.13479278416190013,-0.022403956669639635,0.695,0.445,0.89,0.414,-0.7291055353440097,0.4711500440177539,False,True
Scatterplot&Gemini,-0.7992956216011983,-0.7770518845588352,0.366,1.0,0.0,0.432,-1.1071801741525515,-0.5795353079161545,False,False
Scatterplot&retrieve_value&Gemini,0.5808565436393157,0.5664116010293632,0.599,0.0,0.0,0.54,0.3392485898746176,0.8704393370990476,False,False
Scatterplot&reVLAT_VizChoices&Gemini,0.45976601385621824,0.42316585095212234,0.687,0.003,0.006,0.563,0.1247562414424991,0.8258810825810552,False,False
Scatterplot&retrieve_value&reVLAT_VizChoices&Gemini,0.199419381997619,0.13109243010926075,0.61,0.222,0.444,0.473,-0.328332404331959,0.508479203978167,False,True
Scatterplot&reVLAT_NoVizChoices&Gemini,-1.2590616354574882,-1.2002177355109354,0.249,1.0,0.0,0.358,-1.94077584387668,-0.892754614909354,False,False
Scatterplot&retrieve_value&reVLAT_NoVizChoices&Gemini,0.3814371616416476,0.43531917092009004,0.474,0.011,0.022,0.607,0.0606621056948636,1.1757017289681666,False,False
Scatterplot&reVLAT_VizChoices,0.9434714636514492,0.8729107248865963,0.745,0.0,0.0,0.503,0.5952810197414099,1.1706332904920755,False,False
Scatterplot&retrieve_value&reVLAT_VizChoices,-0.4542938591604193,-0.32217892121766073,0.186,0.957,0.08600000000000008,0.543,-0.6239825136934983,0.0491189496214681,False,True
Scatterplot&reVLAT_NoVizChoices,0.2167122090213329,0.27751810305939256,0.221,0.067,0.134,0.494,-0.0708373198699389,0.65057831832489,False,True
Scatterplot&retrieve_value&reVLAT_NoVizChoices,0.516229945803666,0.41291521425045313,0.748,0.015,0.03,0.509,0.0302184926087241,0.7915572218709022,False,False
Scatterplot&find_extremum,2.484921732394515,2.793071254402906,0.079,0.0,0.0,0.562,2.3836680910951107,3.453841890651097,False,False
Scatterplot&find_extremum&ChatGPT,-0.2748408106916925,-0.029804938896346812,0.213,0.636,0.728,0.594,-0.5113089989663673,1.467682320284598,False,True
Scatterplot&find_extremum&reVLAT_VizChoices&ChatGPT,-1.5452818679116065,-1.3513082254929119,0.257,1.0,0.0,0.441,-2.6401614654049923,-0.5413822488535125,False,False
Scatterplot&find_extremum&reVLAT_NoVizChoices&ChatGPT,1.2704410572198912,1.3215032865965652,0.54,0.001,0.002,0.597,0.4228788488953603,4.0134851099573225,False,False
Scatterplot&find_extremum&Gemini,2.7597625430867274,2.822876193299246,0.403,0.0,0.0,0.505,1.997242603735892,3.429565765297365,False,False
Scatterplot&find_extremum&reVLAT_VizChoices&Gemini,4.14947396781181,4.238951929345377,0.45,0.0,0.0,0.516,3.423009580073014,5.193387803945656,False,False
Scatterplot&find_extremum&reVLAT_NoVizChoices&Gemini,-1.389711424724948,-1.4160757360461103,0.505,1.0,0.0,0.476,-2.736935123618428,-0.585892449082908,False,False
Scatterplot&find_extremum&reVLAT_VizChoices,2.604192099899335,2.8876437038525378,0.194,0.0,0.0,0.502,2.0980523255000274,3.595351078395522,False,False
Scatterplot&find_extremum&reVLAT_NoVizChoices,-0.11927036750531118,-0.09457244944957563,0.544,0.72,0.56,0.597,-0.6691014982507114,1.3331175335624468,False,True
Scatterplot&determine_range,0.15285051810780412,0.2099520405358497,0.29,0.02,0.04,0.535,0.0086536426483596,0.4631512106640074,False,False
Scatterplot&determine_range&ChatGPT,-0.6082433655927652,-0.5062711716770935,0.291,0.995,0.010000000000000009,0.522,-0.8646038432081843,-0.1061855967185168,False,False
Scatterplot&determine_range&reVLAT_VizChoices&ChatGPT,-0.27752934831131126,-0.22791535171828295,0.401,0.848,0.30400000000000005,0.495,-0.7253512343625947,0.2438024468500053,False,True
Scatterplot&determine_range&reVLAT_NoVizChoices&ChatGPT,-0.33071401728143995,-0.27835581995881353,0.428,0.861,0.278,0.55,-1.0200055934238446,0.4889486365272551,False,True
Scatterplot&determine_range&Gemini,0.7610938837005125,0.7162232122129406,0.652,0.0,0.0,0.516,0.4390748903530814,1.0402477220460356,False,False
Scatterplot&determine_range&reVLAT_VizChoices&Gemini,0.406565960971208,0.3867297767533879,0.54,0.035,0.07,0.485,-0.0743498380729715,0.7578033887766388,False,True
Scatterplot&determine_range&reVLAT_NoVizChoices&Gemini,0.354527922729269,0.3294934354595645,0.618,0.069,0.138,0.553,-0.1611640036906214,1.0523192974522415,False,True
Scatterplot&determine_range&reVLAT_VizChoices,0.12903661265991917,0.15881442503509804,0.389,0.139,0.278,0.478,-0.1689517490215463,0.4216007369189579,False,True
Scatterplot&determine_range&reVLAT_NoVizChoices,0.023813905447753775,0.05113761550074217,0.513,0.429,0.858,0.611,-0.3483515881673575,0.505962467691146,False,True
Scatterplot&find_anomalies,-3.7704971720907325,-3.7330521708880573,0.423,1.0,0.0,0.477,-4.44742483634482,-3.1902596120301774,False,False
find_anomalies,-1.8983716876419958,-1.8836757066133694,0.431,1.0,0.0,0.466,-2.220176092078701,-1.604791490632267,False,False
find_anomalies&ChatGPT,-0.2486556447352442,-0.32533830924369594,0.678,0.994,0.01200000000000001,0.403,-0.9963603705001848,-0.0800207009856414,False,False
Scatterplot&find_anomalies&ChatGPT,-1.5555186464085022,-1.7534486310774535,0.751,1.0,0.0,0.347,-3.014702617682558,-1.389901115467466,False,False
find_anomalies&reVLAT_VizChoices&ChatGPT,-0.540601061311887,-0.455734521092504,0.33,0.961,0.07800000000000007,0.583,-0.7966675588349199,0.054838832802611,False,True
Scatterplot&find_anomalies&reVLAT_VizChoices&ChatGPT,-2.81373120399493,-2.768729635906871,0.473,1.0,0.0,0.529,-3.430876888281174,-1.6822531236562823,False,False
find_anomalies&reVLAT_NoVizChoices&ChatGPT,0.29194541657674783,0.13039621184880915,0.749,0.185,0.37,0.394,-1.0498292248666332,0.582474651817272,False,True
Scatterplot&find_anomalies&reVLAT_NoVizChoices&ChatGPT,1.2582125575864662,1.0152810048294671,0.656,0.051,0.102,0.351,-1.3616223027152785,1.682146134309799,False,True
find_anomalies&Gemini,-1.6497160429067268,-1.5583373973696595,0.302,1.0,0.0,0.5,-1.9439197885220405,-1.1213106642423318,False,False
Scatterplot&find_anomalies&Gemini,-2.214978525682313,-1.979603539810636,0.22,1.0,0.0,0.519,-2.54773261989731,-1.21365759261894,False,False
find_anomalies&reVLAT_VizChoices&Gemini,-1.1956916580750523,-1.240239503539928,0.614,1.0,0.0,0.454,-1.5260204010594816,-1.0188356313399587,False,False
Scatterplot&find_anomalies&reVLAT_VizChoices&Gemini,-0.7240898600774164,-0.7331153646936894,0.2345061363747209,0.5,0.0,0.2317448989204599,-0.7371580199947555,-0.729072709392624,True,False
find_anomalies&reVLAT_NoVizChoices&Gemini,-0.45402438483138596,-0.31809789382971043,0.196,0.954,0.09200000000000008,0.517,-0.6525530057583095,0.0586244651206877,False,True
Scatterplot&find_anomalies&reVLAT_NoVizChoices&Gemini,-1.4908886656050575,-1.2464881751169254,0.199,1.0,0.0,0.521,-1.792217856678217,-0.5018294869334982,False,False
find_anomalies&reVLAT_VizChoices,-1.7362927193868736,-1.6959740246324686,0.435,1.0,0.0,0.536,-2.052652535941501,-1.140675770772529,False,False
Scatterplot&find_anomalies&reVLAT_VizChoices,-3.5378210640719225,-3.5018450006005586,0.493,1.0,0.0,0.532,-4.21734309260368,-2.3825174991337605,False,False
find_anomalies&reVLAT_NoVizChoices,-0.16207896825463233,-0.18770168198090417,0.445,0.95,0.10000000000000009,0.336,-1.0018549179403715,0.0392367532464265,False,True
Scatterplot&find_anomalies&reVLAT_NoVizChoices,-0.23267610801871325,-0.23120717028748775,0.291,0.857,0.28600000000000003,0.293,-1.8969148740854027,0.1596109319112991,False,True
Scatterplot&find_clusters,-0.705707629403342,-0.6910339458318341,0.413,1.0,0.0,0.503,-0.8459130439056816,-0.5286916096331363,False,False
find_clusters,-0.09660780302382059,-0.08657097488384659,0.443,0.935,0.1299999999999999,0.522,-0.1858989810222387,0.0319057026246372,False,True
find_clusters&ChatGPT,-0.29117982478867677,-0.2621430759771427,0.37,0.997,0.006000000000000005,0.527,-0.4139790897950012,-0.0891218978707131,False,False
Scatterplot&find_clusters&ChatGPT,-1.6283826429980826,-1.6129488918189239,0.436,1.0,0.0,0.476,-1.95789514965026,-1.336762318446406,False,False
find_clusters&reVLAT_VizChoices&ChatGPT,-0.6000989269825913,-0.5395475134198974,0.362,0.999,0.0020000000000000018,0.55,-0.7909999830277054,-0.2084746529322982,False,False
Scatterplot&find_clusters&reVLAT_VizChoices&ChatGPT,-1.6678009109664438,-1.6488473655395188,0.456,1.0,0.0,0.499,-2.120482198033188,-1.2111218305008424,False,False
find_clusters&reVLAT_NoVizChoices&ChatGPT,0.30891910219380253,0.2774044374427449,0.58,0.046,0.092,0.486,-0.0593900978004363,0.5675126259781059,False,True
Scatterplot&find_clusters&reVLAT_NoVizChoices&ChatGPT,0.03941826796896855,0.03589847372060549,0.439,0.356,0.712,0.429,-0.5573192826447592,0.4259618128002188,False,True
find_clusters&Gemini,0.1945720217648022,0.17557210109329274,0.5771357966633979,0.5,0.0,0.5696847596603409,0.1714897790627956,0.17965442312378932,True,False
Scatterplot&find_clusters&Gemini,0.9226750135943488,0.9219149459870839,0.532,0.0,0.0,0.532,0.68600277199943,1.2258611962387025,False,False
find_clusters&reVLAT_VizChoices&Gemini,0.37794024916364494,0.36445889061676057,0.538,0.002,0.004,0.471,0.143906548553461,0.5497127659263907,False,False
Scatterplot&find_clusters&reVLAT_VizChoices&Gemini,0.9952897494854362,1.0123585867754303,0.45,0.0,0.0,0.497,0.6287566150592371,1.36154487848771,False,False
find_clusters&reVLAT_NoVizChoices&Gemini,-0.1833682273986599,-0.18888678952348759,0.561,0.935,0.1299999999999999,0.537,-0.413619052957034,0.0884165184950626,False,True
Scatterplot&find_clusters&reVLAT_NoVizChoices&Gemini,-0.0726147358912566,-0.09044364078832905,0.638,0.784,0.43199999999999994,0.589,-0.4049661237403238,0.4522031124167065,False,True
find_clusters&reVLAT_VizChoices,-0.22215867781899412,-0.17508862280311954,0.272,0.969,0.062000000000000055,0.518,-0.3272070275088756,0.0059834493835021,False,True
Scatterplot&find_clusters&reVLAT_VizChoices,-0.6725111614812227,-0.636488778764121,0.368,1.0,0.0,0.494,-0.8946064119933299,-0.3826346319211542,False,False
find_clusters&reVLAT_NoVizChoices,0.125550874795133,0.08851764791926356,0.677,0.153,0.306,0.52,-0.0964624403600707,0.2905017151959794,False,True
Scatterplot&find_clusters&reVLAT_NoVizChoices,-0.03319646792226448,-0.05454516706771627,0.611,0.71,0.5800000000000001,0.51,-0.3588013396417289,0.2384128503113961,False,True
Scatterplot&find_correlations_trends,-0.9033024401779696,-1.2845646193725857,0.946,0.995,0.010000000000000009,0.408,-2.4521985083184137,-0.2095731167653528,False,False
Scatterplot&find_correlations_trends&ChatGPT,3.5004863876204775,3.339262784424084,0.766,0.0,0.0,0.643,2.6716222756736427,5.22233626701922,False,False
Scatterplot&find_correlations_trends&reVLAT_VizChoices&ChatGPT,6.208336981854796,5.659432790007635,0.766,0.0,0.0,0.481,3.4342396765338674,7.388278421603611,False,False
Scatterplot&find_correlations_trends&reVLAT_NoVizChoices&ChatGPT,-2.7078505942330553,-2.3201700055835577,0.385,0.953,0.09400000000000008,0.685,-3.748766323639696,1.820980346840754,False,True
Scatterplot&find_correlations_trends&Gemini,-4.403788827798169,-4.623827403796691,0.567,1.0,0.0,0.349,-6.7992146113024665,-3.864511923880106,False,False
Scatterplot&find_correlations_trends&reVLAT_VizChoices&Gemini,-7.425211455632841,-7.353071991280494,0.497,1.0,0.0,0.526,-9.206185133571497,-5.04758730064713,False,False
Scatterplot&find_correlations_trends&reVLAT_NoVizChoices&Gemini,3.0214226278361633,2.7292445874838123,0.495,0.063,0.126,0.31,-1.4810877962938678,4.195717857625069,False,True
Scatterplot&find_correlations_trends&reVLAT_VizChoices,-1.2168744737812094,-1.693639201272902,0.905,1.0,0.0,0.488,-2.862700296506406,-0.6306944850207308,False,False
Scatterplot&find_correlations_trends&reVLAT_NoVizChoices,0.3135720336032002,0.4090745819002975,0.249,0.079,0.158,0.409,-1.764195943697212,2.619195170759842,False,True
Scatterplot&make_comparisons,3.8399825772001903,3.7653199760669316,0.611,0.0,0.0,0.511,3.241661470687295,4.330995054851449,False,False
Scatterplot&make_comparisons&ChatGPT,3.0448988293405335,2.9663668695470857,0.618,0.0,0.0,0.503,2.4090415891592296,3.5530403564684034,False,False
Scatterplot&make_comparisons&reVLAT_VizChoices&ChatGPT,1.2334250402837033,1.2403840139113167,0.488,0.0,0.0,0.518,1.060956162379843,1.4561611731838433,False,False
Scatterplot&make_comparisons&reVLAT_NoVizChoices&ChatGPT,1.8114737890562536,1.7259828556356887,0.658,0.0,0.0,0.513,1.2569306460071876,2.259530125370023,False,False
Scatterplot&make_comparisons&Gemini,0.7950837478597222,0.7989531065199226,0.538,0.0,0.0,0.551,0.5220810412001999,1.182611240565488,False,False
Scatterplot&make_comparisons&reVLAT_VizChoices&Gemini,2.8583182693040428,2.7402204839429403,0.66,0.0,0.0,0.51,2.201975324566192,3.327099478959184,False,False
Scatterplot&make_comparisons&reVLAT_NoVizChoices&Gemini,-2.0632345214441856,-1.9412673774230162,0.351,1.0,0.0,0.518,-2.50037688378799,-1.2789785997344196,False,False
Scatterplot&make_comparisons&reVLAT_VizChoices,4.091743309587272,3.980604497854293,0.621,0.0,0.0,0.524,3.369541179058815,4.618103870311903,False,False
Scatterplot&make_comparisons&reVLAT_NoVizChoices,-0.2517607323873833,-0.2152845217873081,0.456,0.885,0.22999999999999998,0.555,-0.5453411220370994,0.2360917873056911,False,True
Bubble_Chart&retrieve_value,-1.4650423279407816,-1.5093718793963267,0.379,1.0,0.0,0.314,-2.512470511203188,-1.0843294402428638,False,False
Bubble_Chart,0.31202684304073425,0.33874334742645873,0.333,0.002,0.004,0.44,0.1110902125856013,0.5236205651114844,False,False
Bubble_Chart&ChatGPT,-0.5717054125969846,-0.5791036432526927,0.393,1.0,0.0,0.379,-1.0862287863796645,-0.2941895322544798,False,False
Bubble_Chart&retrieve_value&ChatGPT,-1.3786732072083763,-1.3985939904826268,0.302,0.999,0.0020000000000000018,0.293,-3.309694166265587,-0.621696706886574,False,False
Bubble_Chart&reVLAT_VizChoices&ChatGPT,-1.1165258909041933,-1.1213237067207147,0.389,1.0,0.0,0.38,-2.04581551138053,-0.6682352347053536,False,False
Bubble_Chart&retrieve_value&reVLAT_VizChoices&ChatGPT,3.1101902227846394,2.308128122528401,0.761,0.125,0.25,0.267,-1.4834065610596705,3.942959928240032,False,True
Bubble_Chart&reVLAT_NoVizChoices&ChatGPT,0.5448204783071724,0.542220063468033,0.472,0.054,0.108,0.464,-0.1147808705966415,1.2257825136093914,False,True
Bubble_Chart&retrieve_value&reVLAT_NoVizChoices&ChatGPT,-4.488863429992566,-3.7067221130110384,0.19,1.0,0.0,0.547,-5.636666439058973,-1.4084779507137728,False,False
Bubble_Chart&Gemini,0.8837322556375742,0.9178469906791455,0.461,0.0,0.0,0.56,0.673260961414465,1.2718654250716248,False,False
Bubble_Chart&retrieve_value&Gemini,-0.086369120731743,-0.11077788891368252,0.688,0.768,0.46399999999999997,0.666,-0.5852459235890267,0.8528831172764296,False,True
Bubble_Chart&reVLAT_VizChoices&Gemini,1.2054075602923702,1.1831539149033352,0.605,0.0,0.0,0.555,0.7827568766908903,1.754861332921069,False,False
Bubble_Chart&retrieve_value&reVLAT_VizChoices&Gemini,-1.7987833659651826,-1.3834433860269546,0.253,0.876,0.248,0.684,-2.327394429248492,0.5650394819528741,False,True
Bubble_Chart&reVLAT_NoVizChoices&Gemini,-0.3216753046548459,-0.2653069242241937,0.386,0.906,0.18799999999999994,0.506,-0.6737782237712572,0.1712774181302604,False,True
Bubble_Chart&retrieve_value&reVLAT_NoVizChoices&Gemini,1.7124142452332187,1.2726654971132723,0.811,0.017,0.034,0.467,0.0405473625848848,2.319754484563557,False,False
Bubble_Chart&reVLAT_VizChoices,0.08888166938831626,0.061830208182634815,0.505,0.21,0.42,0.412,-0.3613081439926873,0.3153422194229656,False,True
Bubble_Chart&retrieve_value&reVLAT_VizChoices,1.3114068568184976,0.924684736501442,0.737,0.125,0.25,0.235,-1.0816276298588672,1.6956003884674735,False,True
Bubble_Chart&reVLAT_NoVizChoices,0.223145173652462,0.27691313924383926,0.315,0.051,0.102,0.467,-0.0935794772774278,0.6295475097345549,False,True
Bubble_Chart&retrieve_value&reVLAT_NoVizChoices,-2.776449184759283,-2.4340566158977928,0.226,1.0,0.0,0.548,-3.431991942578084,-1.2241017978717483,False,False
Bubble_Chart&find_extremum,-1.148731150145979,-1.105317087529107,0.301,1.0,0.0,0.391,-2.2040297723758666,-0.7454842547092912,False,False
Bubble_Chart&find_extremum&ChatGPT,-0.5679630833588929,-0.6765570847573593,0.545,0.991,0.018000000000000016,0.365,-2.850015064217202,-0.1228325385070141,False,False
Bubble_Chart&find_extremum&reVLAT_VizChoices&ChatGPT,-2.0800092855550867,-1.8967847914513085,0.018806886662357917,0.5,0.0,0.028978643648591967,-1.9254599231749316,-1.8681096597276903,True,False
Bubble_Chart&find_extremum&reVLAT_NoVizChoices&ChatGPT,1.5120462021958565,1.2202277066939191,0.669,0.048,0.096,0.414,-1.8902536748955217,2.313603817101584,False,True
Bubble_Chart&find_extremum&Gemini,-0.580768066787052,-0.4287600027717558,0.289,0.947,0.1060000000000001,0.573,-0.905512025389718,0.6227914407956531,False,True
Bubble_Chart&find_extremum&reVLAT_VizChoices&Gemini,0.389645732336352,0.37921571194213166,0.6516003166339435,0.5,8.57847840762828e-194,0.6477357516315387,0.35944790408103333,0.3989835198032283,True,False
Bubble_Chart&find_extremum&reVLAT_NoVizChoices&Gemini,-0.9704137991231897,-0.8079757147138878,0.359,0.948,0.10400000000000009,0.544,-1.6366656863376678,0.7597742557389017,False,True
Bubble_Chart&find_extremum&reVLAT_VizChoices,-1.6903635532184234,-1.5175690795091774,0.285,1.0,0.0,0.466,-2.147570813116347,-0.941548398085933,False,False
Bubble_Chart&find_extremum&reVLAT_NoVizChoices,0.5416324030724705,0.41225199198004797,0.619,0.08,0.16,0.445,-1.0787086231715308,1.0530327801698296,False,True
Bubble_Chart&determine_range,-0.2858839157437818,-0.4058928828298053,0.695,0.996,0.008000000000000007,0.256,-1.1687659676105755,-0.1082005086310405,False,False
Bubble_Chart&determine_range&ChatGPT,0.36643789826082784,0.17119835924387583,0.628,0.138,0.276,0.271,-1.2988443631129096,0.8148726381218142,False,True
Bubble_Chart&determine_range&reVLAT_VizChoices&ChatGPT,1.6791006311028729,1.9463093555718307,0.4,0.0,0.0,0.722,1.2938945833405102,3.5600876352100093,False,False
Bubble_Chart&determine_range&reVLAT_NoVizChoices&ChatGPT,-1.3126627328424694,-1.7751109963279943,0.672,1.0,0.0,0.204,-4.857617825552706,-0.7982824094530084,False,False
Bubble_Chart&determine_range&Gemini,-0.6523218140044966,-0.5770912420736852,0.44,0.904,0.19199999999999995,0.641,-0.9900209434910052,0.1719117765294519,False,True
Bubble_Chart&determine_range&reVLAT_VizChoices&Gemini,-1.107987255807129,-1.2701937827021204,0.653,1.0,0.0,0.374,-2.1075816820368614,-0.8072251462163978,False,False
Bubble_Chart&determine_range&reVLAT_NoVizChoices&Gemini,0.45566544180245616,0.6931025406284224,0.333,0.018,0.036,0.734,0.100036849444405,2.207871867038708,False,False
Bubble_Chart&determine_range&reVLAT_VizChoices,0.5711133752958346,0.6761155728697479,0.471,0.001,0.002,0.7,0.3212831491093973,1.4826844951835516,False,False
Bubble_Chart&determine_range&reVLAT_NoVizChoices,-0.856997291039704,-1.0820084556995346,0.635,1.0,0.0,0.217,-2.628898779558007,-0.5787229770884841,False,False
Bubble_Chart&find_anomalies,1.872125484449601,1.8493764642746657,0.578,0.0,0.0,0.519,1.5378705050981392,2.2670055286845496,False,False
Bubble_Chart&find_anomalies&ChatGPT,1.30686300167321,1.4281103218337305,0.322,0.0,0.0,0.601,1.1271894382194294,2.048264373331039,False,False
Bubble_Chart&find_anomalies&reVLAT_VizChoices&ChatGPT,2.2731301426825516,2.3129951148143166,0.472,0.0,0.0,0.546,1.6970073640474812,3.021955367930512,False,False
Bubble_Chart&find_anomalies&reVLAT_NoVizChoices&ChatGPT,-0.9662671410100201,-0.8848847929806314,0.454,0.951,0.09800000000000009,0.583,-1.4631534100915078,0.2874668432727832,False,True
Bubble_Chart&find_anomalies&Gemini,0.565262482776032,0.4212661424409626,0.802,0.016,0.032,0.469,0.0399908368756678,0.7183742628838499,False,False
Bubble_Chart&find_anomalies&reVLAT_VizChoices&Gemini,-0.4716017979978645,-0.5071241388462481,0.559,1.0,0.0,0.441,-0.8177979780502005,-0.2615616164889112,False,False
Bubble_Chart&find_anomalies&reVLAT_NoVizChoices&Gemini,1.0368642807736959,0.9283902812872189,0.69,0.0,0.0,0.489,0.4749815229653628,1.3229414049578938,False,False
Bubble_Chart&find_anomalies&reVLAT_VizChoices,1.8015283446856714,1.8058709759681055,0.492,0.0,0.0,0.499,1.2013835194221134,2.3060433113068832,False,False
Bubble_Chart&find_anomalies&reVLAT_NoVizChoices,0.07059713976412454,0.0435054883065808,0.667,0.486,0.972,0.611,-0.3125531171535121,0.8657200258664101,False,True
Bubble_Chart&find_clusters,0.6090998263798117,0.6044629709479804,0.576,0.0,0.0,0.541,0.4699077349010103,0.7717255104493513,False,False
Bubble_Chart&find_clusters&ChatGPT,1.3372028182098128,1.3508058158417846,0.511,0.0,0.0,0.547,1.0870547119788865,1.7394474181423945,False,False
Bubble_Chart&find_clusters&reVLAT_VizChoices&ChatGPT,1.0677019839839736,1.1092998521196427,0.491,0.0,0.0,0.584,0.7305806744539238,1.771407006545902,False,False
Bubble_Chart&find_clusters&reVLAT_NoVizChoices&ChatGPT,0.2695008342248423,0.24150596372214003,0.6,0.125,0.25,0.555,-0.2518403237123501,0.7458195712690497,False,True
Bubble_Chart&find_clusters&Gemini,-0.7281029918293601,-0.7463428448938129,0.527,1.0,0.0,0.467,-1.0338805472868846,-0.5345722043618224,False,False
Bubble_Chart&find_clusters&reVLAT_VizChoices&Gemini,-0.6173495003217346,-0.64789969615866,0.548,1.0,0.0,0.451,-1.050707539959712,-0.3527295006463012,False,False
Bubble_Chart&find_clusters&reVLAT_NoVizChoices&Gemini,-0.11075349150739623,-0.0984431487351599,0.411,0.725,0.55,0.458,-0.5152350874597019,0.1994050144348269,False,True
Bubble_Chart&find_clusters&reVLAT_VizChoices,0.45035248366255853,0.4614001559609897,0.541,0.001,0.002,0.572,0.2513510060322807,0.758506267226473,False,False
Bubble_Chart&find_clusters&reVLAT_NoVizChoices,0.1587473427174813,0.14306281498697979,0.564,0.128,0.256,0.502,-0.1211647572136189,0.4117666998702508,False,True
Bubble_Chart&find_correlations_trends,2.852201971738858,3.0915654266167696,0.186,0.0,0.0,0.572,2.645893437598445,3.838861722806283,False,False
Bubble_Chart&find_correlations_trends&ChatGPT,1.3044790152724688,1.5511607281153221,0.173,0.0,0.0,0.514,0.9918036971220032,2.2512352947682834,False,False
Bubble_Chart&find_correlations_trends&reVLAT_VizChoices&ChatGPT,-4.330040857435495,-4.288932730531547,0.464,1.0,0.0,0.487,-5.527885894900025,-3.123000935237047,False,False
Bubble_Chart&find_correlations_trends&reVLAT_NoVizChoices&ChatGPT,5.6345198727069175,5.840093458646877,0.395,0.0,0.0,0.515,4.225402540106005,7.519618741829619,False,False
Bubble_Chart&find_correlations_trends&Gemini,1.5477229564662656,1.5404046985014423,0.606,0.0,0.0,0.593,1.003630897265617,2.445751802176407,False,False
Bubble_Chart&find_correlations_trends&reVLAT_VizChoices&Gemini,4.925478497510182,4.9227962773180955,0.52,0.0,0.0,0.517,3.6842652611100486,6.318443679377769,False,False
Bubble_Chart&find_correlations_trends&reVLAT_NoVizChoices&Gemini,-3.3777555410448095,-3.3823915788166627,0.548,0.986,0.028000000000000025,0.547,-4.571313915848242,-2.0076428328775298,False,False
Bubble_Chart&find_correlations_trends&reVLAT_VizChoices,0.5954376400760416,0.6338635467865423,0.443,0.018,0.036,0.528,0.1014544158168765,1.341576891069764,False,False
Bubble_Chart&find_correlations_trends&reVLAT_NoVizChoices,2.2567643316620307,2.457701879830226,0.271,0.0,0.0,0.586,1.7710975493434613,3.3415996141644904,False,False
Bubble_Chart&make_comparisons,-2.1217430456962867,-2.1860796646577367,0.546,1.0,0.0,0.418,-3.1489127684492937,-1.813774830916525,False,False
Bubble_Chart&make_comparisons&ChatGPT,-2.9400518554433153,-3.00522779304738,0.482,1.0,0.0,0.39,-4.963154232205498,-2.404024167378098,False,False
Bubble_Chart&make_comparisons&reVLAT_VizChoices&ChatGPT,-2.83659872846898,-2.612338629772095,0.322,1.0,0.0,0.529,-3.4117864761851955,-1.6433134071424689,False,False
Bubble_Chart&make_comparisons&reVLAT_NoVizChoices&ChatGPT,-0.10345312697644939,-0.3928891632752749,0.696,0.781,0.43799999999999994,0.378,-3.2803881534485053,0.5040463985720683,False,True
Bubble_Chart&make_comparisons&Gemini,0.8183088097486036,0.8191481283896562,0.578,0.0,0.0,0.578,0.4333306673337466,1.7416164903821754,False,False
Bubble_Chart&make_comparisons&reVLAT_VizChoices&Gemini,-0.11399474946276834,-0.3101970706229135,0.739,0.865,0.27,0.473,-0.9058242552561788,0.180630677444302,False,True
Bubble_Chart&make_comparisons&reVLAT_NoVizChoices&Gemini,0.9323035592114093,1.1293451990125505,0.294,0.001,0.002,0.604,0.5151259762692488,2.546092106885264,False,False
Bubble_Chart&make_comparisons&reVLAT_VizChoices,-2.950593477932247,-2.922535700395062,0.0015973889962015303,0.5,0.0,0.001748199549387341,-2.940789027789844,-2.904282373000279,True,False
Bubble_Chart&make_comparisons&reVLAT_NoVizChoices,0.8288504322350804,0.7364560357373033,0.596,0.043,0.086,0.407,-0.6900540108965256,1.2656517718136475,False,True
Area_Chart&retrieve_value,-0.6647606322705197,-0.7354422564490772,0.253102578150599,0.5,0.0,0.23103596949642946,-0.7403514919560109,-0.7305330209421429,True,False
Area_Chart,1.5399638009942718,1.620623705402772,0.279,0.0,0.0,0.523,1.385092910596031,1.8947523737851284,False,False
Area_Chart&ChatGPT,1.9239874350235344,1.989260005252484,0.364,0.0,0.0,0.528,1.66760690632584,2.377702129628676,False,False
Area_Chart&retrieve_value&ChatGPT,-0.14276791199223368,-0.1912204619080224,0.682,0.933,0.1339999999999999,0.519,-0.4194641222548223,0.0564060721332513,False,True
Area_Chart&reVLAT_VizChoices&ChatGPT,0.5725290113179463,0.693206460218604,0.176,0.0,0.0,0.538,0.4788225384819391,0.9580351912955916,False,False
Area_Chart&retrieve_value&reVLAT_VizChoices&ChatGPT,-0.19227173658587457,-0.1457922692018827,0.463,0.839,0.32200000000000006,0.601,-0.4766368559035893,0.4148200554919883,False,True
Area_Chart&reVLAT_NoVizChoices&ChatGPT,1.3514584237052563,1.2960535450338548,0.65,0.0,0.0,0.532,0.9538472316306744,1.690146214914786,False,False
Area_Chart&retrieve_value&reVLAT_NoVizChoices&ChatGPT,0.04950382459368693,-0.045428192706137065,0.691,0.56,0.8799999999999999,0.463,-0.4913387029525362,0.2857299962245074,False,True
Area_Chart&Gemini,-0.3840236340295818,-0.36863629984969465,0.412,1.0,0.0,0.494,-0.5438616243845319,-0.1907157256899114,False,False
Area_Chart&retrieve_value&Gemini,-0.5219927202781258,-0.5442217945410431,0.565,1.0,0.0,0.477,-0.7539618658495159,-0.3574673887465104,False,False
Area_Chart&reVLAT_VizChoices&Gemini,0.6817497906936496,0.6223285340298432,0.7523006068767598,0.5,0.0,0.7331363460554001,0.6151003222877567,0.6295567457719302,True,False
Area_Chart&retrieve_value&reVLAT_VizChoices&Gemini,-0.6996411996048192,-0.7516205328836572,0.6,1.0,0.0,0.46,-1.1269944820288835,-0.4617316812545582,False,False
Area_Chart&reVLAT_NoVizChoices&Gemini,-1.065773424723335,-0.990964833879556,0.302,1.0,0.0,0.49,-1.3318078408987852,-0.6719838229468502,False,False
Area_Chart&retrieve_value&reVLAT_NoVizChoices&Gemini,0.17764847932644476,0.2073987383426021,0.570500295026713,0.5,3.4132163951487314e-215,0.5821505542897398,0.19743196353912038,0.21736551314608368,True,False
Area_Chart&reVLAT_VizChoices,1.254278802011872,1.3155349942484704,0.336,0.0,0.0,0.54,1.0947133017309063,1.5872157610588826,False,False
Area_Chart&retrieve_value&reVLAT_VizChoices,-0.891912936190533,-0.8974128020855234,0.528,1.0,0.0,0.51,-1.149293126257109,-0.6147319052356185,False,False
Area_Chart&reVLAT_NoVizChoices,0.285684998981621,0.30508871115431374,0.437,0.0,0.0,0.516,0.1457413617806263,0.4956589154936344,False,False
Area_Chart&retrieve_value&reVLAT_NoVizChoices,0.22715230392020805,0.16197054563645796,0.5898471040342299,0.5,3.9746362310147553e-250,0.5643353072968309,0.1550886759852516,0.16885241528766415,True,False
Area_Chart&find_extremum,0.09759456486083189,0.23173361443053214,0.113,0.008,0.016,0.514,0.035656318402009,0.4709770566316967,False,False
Area_Chart&find_extremum&ChatGPT,0.11436421360716723,0.17886274694144189,0.366,0.131,0.262,0.523,-0.1245124878147111,0.5347190826153803,False,True
Area_Chart&find_extremum&reVLAT_VizChoices&ChatGPT,0.7759553865959268,0.9543196438064744,0.266,0.0,0.0,0.544,0.4961991501608097,1.555551500679151,False,False
Area_Chart&find_extremum&reVLAT_NoVizChoices&ChatGPT,-0.6615911729890486,-0.775456896865014,0.667,0.999,0.0020000000000000018,0.482,-1.2953939902802485,-0.3197702102448604,False,False
Area_Chart&find_extremum&Gemini,-0.016769648746288765,0.052870867489082984,0.49331020904359096,0.5,9.181241016853884e-26,0.5210825469190995,0.04325812702395091,0.06248360795421511,True,False
Area_Chart&find_extremum&reVLAT_VizChoices&Gemini,-0.7054268682340523,-0.7362591416178201,0.529,1.0,0.0,0.485,-1.2065260273215828,-0.2909535559795652,False,False
Area_Chart&find_extremum&reVLAT_NoVizChoices&Gemini,0.6886572194881839,0.789130009106907,0.358,0.0,0.0,0.512,0.3674579451496191,1.2700784112561232,False,False
Area_Chart&find_extremum&reVLAT_VizChoices,0.07052851836189548,0.21806050218863426,0.229,0.134,0.268,0.525,-0.1360725928973681,0.6541926114062487,False,True
Area_Chart&find_extremum&reVLAT_NoVizChoices,0.0270660464989498,0.013673112241890316,0.5107964450386819,0.5,0.01276112891192135,0.5054545989507604,0.0029184871812876767,0.024427737302492973,True,False
Area_Chart&determine_range,-1.3155424893513992,-1.3642472543955817,0.673,1.0,0.0,0.479,-1.5974495524943866,-1.1482657938242804,False,False
Area_Chart&determine_range&ChatGPT,-1.3073157330447325,-1.315305716811159,0.527,1.0,0.0,0.507,-1.6925918461439302,-0.9228042709936968,False,False
Area_Chart&determine_range&reVLAT_VizChoices&ChatGPT,-0.5956568769620019,-0.7082255852340162,0.722,1.0,0.0,0.443,-1.103946849278849,-0.4141329340782683,False,False
Area_Chart&determine_range&reVLAT_NoVizChoices&ChatGPT,-0.7116588560830887,-0.6070801315771738,0.348,0.971,0.05800000000000005,0.573,-0.9901522648280542,0.0108849358332541,False,True
Area_Chart&determine_range&Gemini,-0.008226756307114053,-0.048941537584398384,0.641,0.672,0.6559999999999999,0.474,-0.2941016908154737,0.1653722490714607,False,True
Area_Chart&determine_range&reVLAT_VizChoices&Gemini,-0.5243533181743617,-0.5284478240716318,0.3000169954981521,0.5,0.0,0.2985948672641289,-0.5376059718865487,-0.5192896762567152,True,False
Area_Chart&determine_range&reVLAT_NoVizChoices&Gemini,0.5161265618671323,0.4795062864872426,0.54,0.008,0.016,0.458,0.1057081238433792,0.7926461086732941,False,False
Area_Chart&determine_range&reVLAT_VizChoices,-1.120010195136324,-1.2366734093056575,0.82,1.0,0.0,0.455,-1.5308862816098274,-1.0098422499810935,False,False
Area_Chart&determine_range&reVLAT_NoVizChoices,-0.19553229421556662,-0.1275738450899315,0.315,0.849,0.30200000000000005,0.549,-0.3492655885746011,0.1720044629612278,False,True
Area_Chart&find_correlations_trends,3.422672357756229,3.4885796018168853,0.407,0.0,0.0,0.506,2.97683218724032,4.066978964257752,False,False
Area_Chart&find_correlations_trends&ChatGPT,3.259706866453458,3.3169234370302183,0.434,0.0,0.0,0.511,2.477462635187205,4.141921246151596,False,False
Area_Chart&find_correlations_trends&reVLAT_VizChoices&ChatGPT,0.5845022382699628,0.5929046708480332,0.458,0.0,0.0,0.528,0.5013928745925381,0.7014217997312636,False,False
Area_Chart&find_correlations_trends&reVLAT_NoVizChoices&ChatGPT,2.6752046281841766,2.7240187661821937,0.437,0.0,0.0,0.5,1.907965955926716,3.516057946393106,False,False
Area_Chart&find_correlations_trends&Gemini,0.16296549130207136,0.17165616478665494,0.535,0.101,0.202,0.575,-0.234945893725563,0.7336842949530048,False,True
Area_Chart&find_correlations_trends&reVLAT_VizChoices&Gemini,2.6111711767058394,2.6386560326029844,0.466,0.0,0.0,0.506,2.182612948111838,3.145013979964355,False,False
Area_Chart&find_correlations_trends&reVLAT_NoVizChoices&Gemini,-2.44820568540497,-2.4669998678163183,0.545,1.0,0.0,0.52,-3.222343797962979,-1.591199267392024,False,False
Area_Chart&find_correlations_trends&reVLAT_VizChoices,3.1956734149769854,3.231560703450926,0.452,0.0,0.0,0.51,2.7442776216286684,3.788754094246469,False,False
Area_Chart&find_correlations_trends&reVLAT_NoVizChoices,0.22699894277813118,0.2570188983658825,0.441,0.053,0.106,0.543,-0.1791455421651251,0.6695243520397764,False,True
Stacked_Area_Chart&retrieve_value,1.727394791651853,1.7586873224582276,0.501,0.0,0.0,0.56,1.3835604291994366,2.246140636750449,False,False
Stacked_Area_Chart,-0.6693781406005421,-0.6833541933150775,0.456,1.0,0.0,0.428,-1.052791655780003,-0.4094831927078778,False,False
Stacked_Area_Chart&ChatGPT,-1.6013382591404712,-1.6769498268672547,0.638,1.0,0.0,0.472,-2.04625664352342,-1.3695731670551474,False,False
Stacked_Area_Chart&retrieve_value&ChatGPT,3.0933933737574635,3.181241400743557,0.392,0.0,0.0,0.522,2.680922296391096,3.7601507800235376,False,False
Stacked_Area_Chart&reVLAT_VizChoices&ChatGPT,-1.2976563491040558,-1.4288038349846588,0.524,1.0,0.0,0.382,-1.9593949731531908,-1.0415865689047032,False,False
Stacked_Area_Chart&retrieve_value&reVLAT_VizChoices&ChatGPT,1.5443142268301986,1.8468266423902193,0.16,0.0,0.0,0.56,1.427000155880889,2.5213105454198605,False,False
Stacked_Area_Chart&reVLAT_NoVizChoices&ChatGPT,-0.3036819100359711,-0.2481459918825954,0.437,0.913,0.17399999999999993,0.543,-0.5559356597740225,0.0756451872334923,False,True
Stacked_Area_Chart&retrieve_value&reVLAT_NoVizChoices&ChatGPT,1.5490791469274587,1.3344147583533184,0.9393169743785186,0.5,0.0,0.9089644058154911,1.319228693390809,1.3496008233158285,True,False
Stacked_Area_Chart&Gemini,0.9319601185399486,0.9935956335522089,0.407,0.0,0.0,0.542,0.5726693856048667,1.5145376547041312,False,False
Stacked_Area_Chart&retrieve_value&Gemini,-1.3659985821058274,-1.4225540782853496,0.563,1.0,0.0,0.471,-1.9843560927595905,-0.985832323057614,False,False
Stacked_Area_Chart&reVLAT_VizChoices&Gemini,0.9430840411843424,0.9820861035618549,0.499,0.0,0.0,0.571,0.1751383575633669,1.89733943467028,False,False
Stacked_Area_Chart&retrieve_value&reVLAT_VizChoices&Gemini,-0.651082728651026,-0.7968919927942931,0.659,0.962,0.07600000000000007,0.452,-1.721764235463288,0.0195379426682055,False,True
Stacked_Area_Chart&reVLAT_NoVizChoices&Gemini,-0.01112392264450952,0.011509529990346193,0.435,0.454,0.908,0.48,-0.535136274013897,0.5363034145134916,False,True
Stacked_Area_Chart&retrieve_value&reVLAT_NoVizChoices&Gemini,-0.7149158534547642,-0.6256620854910083,0.2373313681407993,0.5,0.0,0.2657690288943992,-0.6445202809408732,-0.6068038900411445,True,False
Stacked_Area_Chart&reVLAT_VizChoices,-0.3545723079197089,-0.4467177314227968,0.51,0.943,0.1140000000000001,0.384,-1.0559000150636275,0.0413629404188223,False,True
Stacked_Area_Chart&retrieve_value&reVLAT_VizChoices,0.8932314981791902,1.0499346495959483,0.397,0.0,0.0,0.581,0.5320302704425288,1.7213932787702009,False,False
Stacked_Area_Chart&reVLAT_NoVizChoices,-0.31480583268054674,-0.23663646189226414,0.37645487572328684,0.5,5.492666005028222e-213,0.40646966214391855,-0.24810138330102938,-0.2251715404834987,True,False
Stacked_Area_Chart&retrieve_value&reVLAT_NoVizChoices,0.8341632934728019,0.7087526728622915,0.739,0.0,0.0,0.48,0.34150141845315,1.0944976405932592,False,False
Stacked_Area_Chart&find_extremum,-1.9767098008500088,-2.3960188487429828,0.63,1.0,0.0,0.385,-3.6202276567675455,-1.6607942109700649,False,False
Stacked_Area_Chart&find_extremum&ChatGPT,-2.0727643716366675,-1.9896524721760136,0.373,1.0,0.0,0.501,-2.458873486803962,-1.5014341872000985,False,False
Stacked_Area_Chart&find_extremum&reVLAT_VizChoices&ChatGPT,-0.4155111236847023,-0.41482387297862083,0.455,1.0,0.0,0.459,-0.5028100050808271,-0.3423465527256554,False,False
Stacked_Area_Chart&find_extremum&reVLAT_NoVizChoices&ChatGPT,-1.6572532479507396,-1.5748285991973832,0.37,1.0,0.0,0.497,-2.0464649137999644,-1.1235021718435143,False,False
Stacked_Area_Chart&find_extremum&Gemini,0.09605457078599376,-0.4063663765669729,0.74,0.656,0.688,0.396,-1.5506031301252248,0.4468379885294405,False,True
Stacked_Area_Chart&find_extremum&reVLAT_VizChoices&Gemini,-0.8803278332051528,-1.832325452053184,0.711,0.993,0.014000000000000012,0.371,-4.062920805000674,-0.4338537996094431,False,False
Stacked_Area_Chart&find_extremum&reVLAT_NoVizChoices&Gemini,0.9763824039913698,1.4259590754862506,0.3,0.015,0.03,0.582,0.3606526222891514,2.774855580934443,False,False
Stacked_Area_Chart&find_extremum&reVLAT_VizChoices,-1.2958389568903022,-2.247149325031832,0.71,0.996,0.008000000000000007,0.371,-4.459566131062333,-0.8914438217235963,False,False
Stacked_Area_Chart&find_extremum&reVLAT_NoVizChoices,-0.6808708439599247,-0.1488695237111439,0.2479774148364155,0.5,1.2143396459671791e-12,0.4408284483031363,-0.18946479336066877,-0.10827425406161892,True,False
Stacked_Area_Chart&find_correlations_trends,-2.4692625375072215,-2.448137660303022,0.0068104734845041886,0.5,0.0,0.007221904086612573,-2.4626848595195527,-2.433590461086488,True,False
Stacked_Area_Chart&find_correlations_trends&ChatGPT,-4.51214351528354,-4.572372748773926,0.56,1.0,0.0,0.479,-5.135671501215825,-4.046063897228487,False,False
Stacked_Area_Chart&find_correlations_trends&reVLAT_VizChoices&ChatGPT,-2.670617219956371,-2.671160088355182,0.49,1.0,0.0,0.49,-3.088456836358715,-2.313399879908094,False,False
Stacked_Area_Chart&find_correlations_trends&reVLAT_NoVizChoices&ChatGPT,-1.8415262953282279,-1.9012126604187154,0.59,1.0,0.0,0.457,-2.3965669373153298,-1.5775957862369443,False,False
Stacked_Area_Chart&find_correlations_trends&Gemini,2.042880977774879,2.1242350884709076,0.396,0.0,0.0,0.517,1.6434175363738392,2.693742134943092,False,False
Stacked_Area_Chart&find_correlations_trends&reVLAT_VizChoices&Gemini,1.1772931075389963,1.2367631032389708,0.412,0.0,0.0,0.492,0.4667868344999492,2.046892085706495,False,False
Stacked_Area_Chart&find_correlations_trends&reVLAT_NoVizChoices&Gemini,0.8655878702364512,0.8874719852319051,0.508,0.006,0.012,0.542,0.3330903823936658,1.6132904071552343,False,False
Stacked_Area_Chart&find_correlations_trends&reVLAT_VizChoices,-1.4933241124156784,-1.4343969851161735,0.423,1.0,0.0,0.502,-2.1536121402105204,-0.7905671042660724,False,False
Stacked_Area_Chart&find_correlations_trends&reVLAT_NoVizChoices,-0.9759384250910899,-1.0137406751868165,0.576,1.0,0.0,0.489,-1.5387869143050186,-0.4200526069905592,False,False
Stacked_Area_Chart&make_comparisons,2.04919940610508,2.4021149932726886,0.258,0.0,0.0,0.575,1.8748982732379849,3.231913603612637,False,False
Stacked_Area_Chart&make_comparisons&ChatGPT,1.8901762540206333,1.7038339933391076,0.652,0.0,0.0,0.404,1.140188338827676,2.200798757620513,False,False
Stacked_Area_Chart&make_comparisons&reVLAT_VizChoices&ChatGPT,0.2441577677048637,-0.18964651604110902,0.694,0.398,0.796,0.371,-1.1867523764632455,0.5229254722120734,False,True
Stacked_Area_Chart&make_comparisons&reVLAT_NoVizChoices&ChatGPT,1.6460184863158647,1.8934805093801534,0.299,0.0,0.0,0.565,1.3965557639097734,2.59384586826126,False,False
Stacked_Area_Chart&make_comparisons&Gemini,0.15902315208488216,0.6982809999335958,0.258,0.102,0.204,0.625,-0.1392120561132606,1.892318820827204,False,True
Stacked_Area_Chart&make_comparisons&reVLAT_VizChoices&Gemini,1.2972014955025606,2.3745404451704006,0.285,0.0,0.0,0.631,0.8572499855176511,4.695485062141285,False,False
Stacked_Area_Chart&make_comparisons&reVLAT_NoVizChoices&Gemini,-1.138178343417078,-1.6762594452367872,0.732,1.0,0.0,0.386,-2.994505452273037,-0.7241469445526072,False,False
Stacked_Area_Chart&make_comparisons&reVLAT_VizChoices,1.5413592632069912,2.1848939291293,0.339,0.0,0.0,0.609,1.1982381002128752,3.710739985481454,False,False
Stacked_Area_Chart&make_comparisons&reVLAT_NoVizChoices,0.5078401428982399,0.21722106414340636,0.693,0.329,0.658,0.426,-0.6180135657396164,0.8621890200483897,False,True
Choropleth_Map&retrieve_value,-2.8317639737446583,-2.9013571116176764,0.622,1.0,0.0,0.469,-3.3475945478682494,-2.5628903793405526,False,False
Choropleth_Map,-0.6571802270551382,-0.610642285733929,0.258,1.0,0.0,0.463,-0.7721071102171269,-0.4762490277706149,False,False
Choropleth_Map&ChatGPT,0.6053725782720565,0.6667240329657617,0.231,0.0,0.0,0.527,0.5207366790703446,0.8434092859655087,False,False
Choropleth_Map&retrieve_value&ChatGPT,-3.349998179048815,-3.3985197003889756,0.55,1.0,0.0,0.459,-3.975309413602021,-2.9550785935011064,False,False
Choropleth_Map&reVLAT_VizChoices&ChatGPT,1.27229024943331,1.414101826752313,0.176,0.0,0.0,0.528,1.1330141853116749,1.7413985491137112,False,False
Choropleth_Map&retrieve_value&reVLAT_VizChoices&ChatGPT,-1.523059830400902,-1.546876121086865,0.517,1.0,0.0,0.452,-1.8732017581688052,-1.3212714652309852,False,False
Choropleth_Map&reVLAT_NoVizChoices&ChatGPT,-0.6669176711615143,-0.7473777937865327,0.2524131392978626,0.5,0.0,0.22741866133291588,-0.7551754876541309,-0.7395800999189345,True,False
Choropleth_Map&retrieve_value&reVLAT_NoVizChoices&ChatGPT,-1.8269383486481223,-1.8516435793021055,0.527,1.0,0.0,0.475,-2.2232785152440533,-1.5449767587440248,False,False
Choropleth_Map&Gemini,-1.262552805327813,-1.277366318699702,0.531,1.0,0.0,0.468,-1.494002657163799,-1.0963483093518374,False,False
Choropleth_Map&retrieve_value&Gemini,0.5182342053036688,0.4971625887712937,0.613,0.0,0.0,0.506,0.3043256007068805,0.7075934221810815,False,False
Choropleth_Map&reVLAT_VizChoices&Gemini,-2.3649794192963975,-2.482793365160788,0.1094325539419043,0.5,0.0,0.10392386199666855,-2.495705522859553,-2.4698812074620173,True,False
Choropleth_Map&retrieve_value&reVLAT_VizChoices&Gemini,-1.1761516682850994,-1.1931521885222252,0.11976857227715167,0.5,0.0,0.11640633884234823,-1.2007445253286313,-1.1855598517158181,True,False
Choropleth_Map&reVLAT_NoVizChoices&Gemini,1.102426613969057,1.2054270464610892,0.8648605370519415,0.5,0.0,0.8859793169331763,1.1956323198297831,1.2152217730923962,True,False
Choropleth_Map&retrieve_value&reVLAT_NoVizChoices&Gemini,1.6943858735888024,1.6903147772935145,0.9548423557981781,0.5,0.0,0.9544544155816491,1.6784234380478302,1.7022061165391988,True,False
Choropleth_Map&reVLAT_VizChoices,-1.0926891698630095,-1.0686915384084554,0.411,1.0,0.0,0.493,-1.3311910392744597,-0.8470270148862272,False,False
Choropleth_Map&retrieve_value&reVLAT_VizChoices,-2.6992114986867004,-2.7400283096091456,0.549,1.0,0.0,0.467,-3.2085049525598297,-2.3878716956682897,False,False
Choropleth_Map&reVLAT_NoVizChoices,0.4355089428076446,0.4580492526745507,0.6684030043462301,0.5,0.0,0.6765409729530125,0.4526570232721576,0.4634414820769416,True,False
Choropleth_Map&retrieve_value&reVLAT_NoVizChoices,-0.1325524750592993,-0.16132880200856953,0.619,0.968,0.06400000000000006,0.485,-0.3514035373319731,0.0151446122612386,False,True
Choropleth_Map&find_extremum,2.8509777865747767,3.0336517381728836,0.171,0.0,0.0,0.538,2.6658408159333784,3.4718422697958093,False,False
Choropleth_Map&find_extremum&ChatGPT,2.410416469954307,2.5050705538472644,0.356,0.0,0.0,0.522,2.092440508443126,3.004747533934893,False,False
Choropleth_Map&find_extremum&reVLAT_VizChoices&ChatGPT,0.6926253236870766,0.8702483041667106,0.286,0.0,0.0,0.515,0.4104954808965499,1.465866743497781,False,False
Choropleth_Map&find_extremum&reVLAT_NoVizChoices&ChatGPT,1.7177911462663367,1.6348222496805707,0.625,0.0,0.0,0.524,1.1001002449712758,2.205499026607228,False,False
Choropleth_Map&find_extremum&Gemini,0.4405613166210395,0.5285811843256423,0.6702342094223164,0.5,0.0,0.7014513958259819,0.5190810778837787,0.5380812907675061,True,False
Choropleth_Map&find_extremum&reVLAT_VizChoices&Gemini,1.9450255778600933,1.9633009960177843,0.974070763544741,0.5,0.0,0.9751516046859661,1.9465093079725018,1.980092684063062,True,False
Choropleth_Map&find_extremum&reVLAT_NoVizChoices&Gemini,-1.5044642612396983,-1.4347198116921456,0.06623257010857307,0.5,0.0,0.07568509782921126,-1.4518553354063921,-1.4175842879779004,True,False
Choropleth_Map&find_extremum&reVLAT_VizChoices,2.637650901546519,2.833549300184488,0.241,0.0,0.0,0.553,2.38491499965702,3.409651411216371,False,False
Choropleth_Map&find_extremum&reVLAT_NoVizChoices,0.2133268850274339,0.20010243798842875,0.5844637740801218,0.5,6.184082876090666e-186,0.5792995575816662,0.1893402230948358,0.21086465288202208,True,False
Choropleth_Map&make_comparisons,-0.6763940398851369,-0.7429369122891465,0.747,1.0,0.0,0.493,-0.9407145662639348,-0.5601308143208598,False,False
Choropleth_Map&make_comparisons&ChatGPT,1.544954287367115,1.5601731795074667,0.483,0.0,0.0,0.532,1.302565842640242,1.8775662963217463,False,False
Choropleth_Map&make_comparisons&reVLAT_VizChoices&ChatGPT,2.1027247561470936,2.0907296436725047,0.537,0.0,0.0,0.517,1.665151516704974,2.608163487832329,False,False
Choropleth_Map&make_comparisons&reVLAT_NoVizChoices&ChatGPT,-0.5577704687803681,-0.530556464165005,0.432,0.994,0.01200000000000001,0.502,-0.9301752225094104,-0.159839937158832,False,False
Choropleth_Map&make_comparisons&Gemini,-2.2213483272527763,-2.3031100917966185,0.667,1.0,0.0,0.489,-2.7124058026059767,-1.9595580213900277,False,False
Choropleth_Map&make_comparisons&reVLAT_VizChoices&Gemini,-3.1338533288732955,-3.2529421726563945,0.642,1.0,0.0,0.484,-3.950927939277183,-2.700694468724319,False,False
Choropleth_Map&make_comparisons&reVLAT_NoVizChoices&Gemini,0.912505001619591,0.9498320808596991,0.454,0.001,0.002,0.507,0.4515220999160848,1.4977090997006262,False,False
Choropleth_Map&make_comparisons&reVLAT_VizChoices,-1.0311285727241477,-1.162212528983851,0.785,1.0,0.0,0.47,-1.514836593976635,-0.8637685461924708,False,False
Choropleth_Map&make_comparisons&reVLAT_NoVizChoices,0.35473453283940914,0.4192756166946893,0.342,0.003,0.006,0.517,0.140392446723565,0.7380892452019191,False,False
Treemap&find_extremum,-2.0319141704677066,-2.389416844645264,0.638,1.0,0.0,0.535,-3.541228581973157,-1.5107428831505272,False,False
Treemap,-0.6754216888355198,-0.8204549268794531,0.655,1.0,0.0,0.53,-1.284059295347386,-0.455315041521928,False,False
Treemap&ChatGPT,0.45049488737326837,0.2803333440244907,0.577,0.279,0.558,0.414,-0.5211800045503472,0.8921189469760938,False,True
Treemap&find_extremum&ChatGPT,-0.5491388163858665,-0.7729344605960371,0.511,0.764,0.472,0.394,-2.372559738628341,0.6175945021334819,False,True
Treemap&reVLAT_VizChoices&ChatGPT,2.487743998842244,1.7836116774467947,0.823,0.023,0.046,0.428,0.6702539310282657,2.900200179284402,False,False
Treemap&find_extremum&reVLAT_VizChoices&ChatGPT,2.769648130416946,1.3733612792144934,0.817,0.383,0.766,0.386,-0.5809037396323885,3.532596353510225,False,True
Treemap&reVLAT_NoVizChoices&ChatGPT,-2.0372491114692655,-1.503278333422311,0.152,1.0,0.0,0.44,-2.3965731517457733,-0.6970114998593382,False,False
Treemap&find_extremum&reVLAT_NoVizChoices&ChatGPT,-3.3187869468025926,-2.1462957398105007,0.147,1.0,0.0,0.4,-4.04189298359946,-0.8086358977085342,False,False
Treemap&Gemini,-1.1259165762083638,-1.1007882709039516,0.422,1.0,0.0,0.444,-1.9124907847532029,-0.5045504544472232,False,False
Treemap&find_extremum&Gemini,-1.4827753540818602,-1.616482384049178,0.424,1.0,0.0,0.388,-3.5382688468145336,-0.3234386526015539,False,False
Treemap&reVLAT_VizChoices&Gemini,-3.0208980460174644,-2.3832726948969105,0.136,1.0,0.0,0.451,-3.377856442094719,-1.5124760862267617,False,False
Treemap&find_extremum&reVLAT_VizChoices&Gemini,-3.3918988622777864,-2.0295841059237576,0.095,1.0,0.0,0.411,-3.949494304640171,-0.6538036454664455,False,False
Treemap&reVLAT_NoVizChoices&Gemini,1.894981469809071,1.282484423992961,0.819,0.001,0.002,0.412,0.371662521159037,2.225792698335576,False,False
Treemap&find_extremum&reVLAT_NoVizChoices&Gemini,1.9091235081963482,0.41310172187454774,0.856,0.37,0.74,0.375,-1.6385676273235943,2.494027309256985,False,True
Treemap&reVLAT_VizChoices,-0.5331540471757177,-0.5996610174501118,0.493,0.967,0.06600000000000006,0.427,-1.4287565900440986,0.0235238693609393,False,True
Treemap&find_extremum&reVLAT_VizChoices,-0.6222507318606245,-0.6562228267092644,0.413,0.748,0.504,0.406,-2.270046989030437,0.7589714538581713,False,True
Treemap&reVLAT_NoVizChoices,-0.14226764165973357,-0.2207939094293437,0.482,0.695,0.6100000000000001,0.402,-0.987322081573962,0.3656901311884752,False,True
Treemap&find_extremum&reVLAT_NoVizChoices,-1.4096634386073494,-1.733194017935964,0.56,1.0,0.0,0.398,-3.5910821920116147,-0.4081124312476884,False,False
Treemap&make_comparisons,0.6786969455365423,0.7816097081589546,0.378,0.011,0.022,0.482,0.2177603190185225,1.283857487276626,False,False
Treemap&make_comparisons&ChatGPT,-1.557565999050821,-1.4883202226025458,0.473,1.0,0.0,0.548,-2.575882396576437,-0.7318061370832426,False,False
Treemap&make_comparisons&reVLAT_VizChoices&ChatGPT,-3.5396502028251953,-3.014434362516593,0.217,1.0,0.0,0.544,-5.140518933775245,-1.8301331337834807,False,False
Treemap&make_comparisons&reVLAT_NoVizChoices&ChatGPT,1.9820842037736612,1.5261141399140241,0.819,0.0,0.0,0.576,0.814976189408396,2.5857451013977566,False,False
Treemap&make_comparisons&Gemini,2.236262944587531,2.2699299307614735,0.53,0.0,0.0,0.577,1.60786885025332,3.1675609873639203,False,False
Treemap&make_comparisons&reVLAT_VizChoices&Gemini,3.2482090845251013,2.5965885653043537,0.882,0.0,0.0,0.552,1.728526641550753,3.773359273386205,False,False
Treemap&make_comparisons&reVLAT_NoVizChoices&Gemini,-1.0119461399364325,-0.326658634542864,0.132,0.636,0.728,0.575,-1.391740559635155,0.6709711795636628,False,True
Treemap&make_comparisons&reVLAT_VizChoices,-0.2914411183009702,-0.4178457972122263,0.605,0.806,0.3879999999999999,0.507,-1.5275742131537249,0.3280457241050443,False,True
Treemap&make_comparisons&reVLAT_NoVizChoices,0.9701380638373551,1.1994555053711622,0.343,0.0,0.0,0.567,0.5849994565320308,2.0559135339025785,False,False
Treemap&identify_the_hierarchical_structure,0.6777955360956434,0.7873522096068177,0.315,0.0,0.0,0.487,0.5555853149640564,1.076997140759284,False,False
identify_the_hierarchical_structure,0.6777955360956434,0.7873522096068177,0.315,0.0,0.0,0.487,0.5555853149640564,1.076997140759284,False,False
identify_the_hierarchical_structure&ChatGPT,2.557199702811692,2.541588027223086,0.538,0.0,0.0,0.506,2.1083005001795123,3.065941729249168,False,False
Treemap&identify_the_hierarchical_structure&ChatGPT,2.557199702811692,2.541588027223086,0.538,0.0,0.0,0.506,2.1083005001795123,3.065941729249168,False,False
identify_the_hierarchical_structure&reVLAT_VizChoices&ChatGPT,3.257746071249642,3.4246847607488595,0.355,0.0,0.0,0.557,2.896108804580706,4.221031452477887,False,False
Treemap&identify_the_hierarchical_structure&reVLAT_VizChoices&ChatGPT,3.257746071249642,3.4246847607488595,0.355,0.0,0.0,0.557,2.896108804580706,4.221031452477887,False,False
identify_the_hierarchical_structure&reVLAT_NoVizChoices&ChatGPT,-0.7005463684400156,-0.8830967335257965,0.819,1.0,0.0,0.499,-1.2632501117701596,-0.5669482683031125,False,False
Treemap&identify_the_hierarchical_structure&reVLAT_NoVizChoices&ChatGPT,-0.7005463684400156,-0.8830967335257965,0.819,1.0,0.0,0.499,-1.2632501117701596,-0.5669482683031125,False,False
identify_the_hierarchical_structure&Gemini,-1.8794041667152228,-1.75423581761626,0.369,1.0,0.0,0.557,-2.175514895840679,-1.3125630652370937,False,False
Treemap&identify_the_hierarchical_structure&Gemini,-1.8794041667152228,-1.75423581761626,0.369,1.0,0.0,0.557,-2.175514895840679,-1.3125630652370937,False,False
identify_the_hierarchical_structure&reVLAT_VizChoices&Gemini,-2.8772082682644573,-2.950277154277566,0.593,1.0,0.0,0.485,-3.4885342785140034,-2.534153544687718,False,False
Treemap&identify_the_hierarchical_structure&reVLAT_VizChoices&Gemini,-2.8772082682644573,-2.950277154277566,0.593,1.0,0.0,0.485,-3.4885342785140034,-2.534153544687718,False,False
identify_the_hierarchical_structure&reVLAT_NoVizChoices&Gemini,0.9978041015498627,1.1960413366612903,0.306,0.0,0.0,0.58,0.8237884052746149,1.748516716053835,False,False
Treemap&identify_the_hierarchical_structure&reVLAT_NoVizChoices&Gemini,0.9978041015498627,1.1960413366612903,0.306,0.0,0.0,0.58,0.8237884052746149,1.748516716053835,False,False
identify_the_hierarchical_structure&reVLAT_VizChoices,0.38053780298574685,0.47440760647136754,0.447,0.001,0.002,0.585,0.1678402214082779,0.8966685740140155,False,False
Treemap&identify_the_hierarchical_structure&reVLAT_VizChoices,0.38053780298574685,0.47440760647136754,0.447,0.001,0.002,0.585,0.1678402214082779,0.8966685740140155,False,False
identify_the_hierarchical_structure&reVLAT_NoVizChoices,0.29725773310989884,0.31294460313546973,0.516,0.023,0.046,0.56,0.0104306074921689,0.705092622794098,False,False
Treemap&identify_the_hierarchical_structure&reVLAT_NoVizChoices,0.29725773310989884,0.31294460313546973,0.516,0.023,0.046,0.56,0.0104306074921689,0.705092622794098,False,False
intercept,-0.8596921500579618,-0.8906202412773043,0.701,1.0,0.0,0.479,-0.9982314095170816,-0.7899504181458031,False,False
